[Licensing::Module] Trying to connect to existing licensing client channel...
[Licensing::IpcConnector] Connection attempt to the License Client on channel: "LicenseClient-downl" failed because channel doesn't exist; code: "0x80000002"
[Licensing::Module] Successfully launched the LicensingClient (PId: 8544)
[Licensing::IpcConnector] Successfully connected to the License Client on channel: "LicenseClient-downl" at "2025-08-07T07:02:57.0219714Z"
[Licensing::Client] Error: Code 10 while verifying Licensing Client signature (process Id: 8544, path: "C:/Program Files/Unity/Hub/Editor/2022.3.22f1/Editor/Data/Resources/Licensing/Client/Unity.Licensing.Client.exe")
[Licensing::Module] Error: LicensingClient has failed validation; ignoring
[Licensing::Client] Handshaking with LicensingClient:
  Version:                 1.15.0+66d4389
  Session Id:              8defbdaa1a3247ecad935a49414b15c8
  Correlation Id:          6987a1a60b0b6bc0c9ca51d3dd2f3413
  External correlation Id: 2895047568381751031
  Machine Id:              18IKvIV4oz6KZJt+t3g74RbKamk=
[Licensing::Module] Successfully connected to LicensingClient on channel: "LicenseClient-downl" (connect: 0.85s, validation: 0.06s, handshake: 0.04s)
[Licensing::IpcConnector] Successfully connected to the License Notification on channel: "LicenseClient-downl-notifications" at "2025-08-07T07:02:57.1204469Z"
[Licensing::Module] Connected to LicensingClient (PId: 8544, launch time: 0.00, total connection time: 0.95s)
[Licensing::Module] Error: Access token is unavailable; failed to update
[Licensing::Client] Error: Code 500 while processing request (status: Unable to update licenses. Errors: Cannot load ULF license: Root element is missing.,Token not found in cache)
[Licensing::Client] Error: Code 500 while updating license in client (status: Unable to update licenses. Errors: Cannot load ULF license: Root element is missing.,Token not found in cache)
Built from '2022.3/staging' branch; Version is '2022.3.22f1 (887be4894c44) revision 8944612'; Using compiler version '192829333'; Build Type 'Release'
OS: 'Windows 11  (10.0.26100) 64bit Professional' Language: 'ja' Physical Memory: 32638 MB
[Licensing::Client] Successfully resolved entitlements
[Licensing::Module] Serial number assigned to: "15669018699948-UnityPersXXXX"
BatchMode: 1, IsHumanControllingUs: 0, StartBugReporterOnCrash: 0, Is64bit: 1, IsPro: 0

COMMAND LINE ARGUMENTS:
C:\Program Files\Unity\Hub\Editor\2022.3.22f1\Editor\Unity.exe
-batchmode
-quit
-projectPath
C:\Users\downl\Desktop\LilToon-PCSS-extension\liltoon-pcss-extension
-exportPackage
Assets
C:\Users\downl\Desktop\LilToon-PCSS-extension\ExportedPackages\com.liltoon.pcss-extension-2.5.0.unitypackage
-logFile
C:\Users\downl\Desktop\LilToon-PCSS-extension\ExportedPackages\unity-export.log
Successfully changed project path to: C:\Users\downl\Desktop\LilToon-PCSS-extension\liltoon-pcss-extension
C:/Users/downl/Desktop/LilToon-PCSS-extension/liltoon-pcss-extension
[UnityMemory] Configuration Parameters - Can be set up in boot.config
    "memorysetup-bucket-allocator-granularity=16"
    "memorysetup-bucket-allocator-bucket-count=8"
    "memorysetup-bucket-allocator-block-size=33554432"
    "memorysetup-bucket-allocator-block-count=8"
    "memorysetup-main-allocator-block-size=16777216"
    "memorysetup-thread-allocator-block-size=16777216"
    "memorysetup-gfx-main-allocator-block-size=16777216"
    "memorysetup-gfx-thread-allocator-block-size=16777216"
    "memorysetup-cache-allocator-block-size=4194304"
    "memorysetup-typetree-allocator-block-size=2097152"
    "memorysetup-profiler-bucket-allocator-granularity=16"
    "memorysetup-profiler-bucket-allocator-bucket-count=8"
    "memorysetup-profiler-bucket-allocator-block-size=33554432"
    "memorysetup-profiler-bucket-allocator-block-count=8"
    "memorysetup-profiler-allocator-block-size=16777216"
    "memorysetup-profiler-editor-allocator-block-size=1048576"
    "memorysetup-temp-allocator-size-main=16777216"
    "memorysetup-job-temp-allocator-block-size=2097152"
    "memorysetup-job-temp-allocator-block-size-background=1048576"
    "memorysetup-job-temp-allocator-reduction-small-platforms=262144"
    "memorysetup-allocator-temp-initial-block-size-main=262144"
    "memorysetup-allocator-temp-initial-block-size-worker=262144"
    "memorysetup-temp-allocator-size-background-worker=32768"
    "memorysetup-temp-allocator-size-job-worker=262144"
    "memorysetup-temp-allocator-size-preload-manager=33554432"
    "memorysetup-temp-allocator-size-nav-mesh-worker=65536"
    "memorysetup-temp-allocator-size-audio-worker=65536"
    "memorysetup-temp-allocator-size-cloud-worker=32768"
    "memorysetup-temp-allocator-size-gi-baking-worker=262144"
    "memorysetup-temp-allocator-size-gfx=262144"
Player connection [25252] Host "[IP] 172.28.160.1 [Port] 55504 [Flags] 2 [Guid] 29492459 [EditorId] 29492459 [Version] 1048832 [Id] WindowsEditor(7,downl) [Debug] 1 [PackageName] WindowsEditor [ProjectName] Editor" joined multi-casting on [225.0.0.222:54997]...

Player connection [25252] Host "[IP] 172.28.160.1 [Port] 55504 [Flags] 2 [Guid] 29492459 [EditorId] 29492459 [Version] 1048832 [Id] WindowsEditor(7,downl) [Debug] 1 [PackageName] WindowsEditor [ProjectName] Editor" joined alternative multi-casting on [225.0.0.222:34997]...

[Physics::Module] Initialized MultithreadedJobDispatcher with 11 workers.
[Package Manager] UpmClient::Connect -- Connected to IPC stream "Upm-20928" after 0.5 seconds.
[Licensing::Client] Successfully resolved entitlements
[Package Manager] Done resolving packages in 49.57 seconds
[Licensing::Client] Successfully resolved entitlement details
[Package Manager] Lock file was modified
[Package Manager] Registered 62 packages:
  Packages from [https://packages.unity.com]:
    com.unity.ads@4.4.2 (location: C:\Users\downl\Desktop\LilToon-PCSS-extension\liltoon-pcss-extension\Library\PackageCache\com.unity.ads@4.4.2)
    com.unity.ai.navigation@1.1.5 (location: C:\Users\downl\Desktop\LilToon-PCSS-extension\liltoon-pcss-extension\Library\PackageCache\com.unity.ai.navigation@1.1.5)
    com.unity.analytics@3.8.1 (location: C:\Users\downl\Desktop\LilToon-PCSS-extension\liltoon-pcss-extension\Library\PackageCache\com.unity.analytics@3.8.1)
    com.unity.collab-proxy@2.3.1 (location: C:\Users\downl\Desktop\LilToon-PCSS-extension\liltoon-pcss-extension\Library\PackageCache\com.unity.collab-proxy@2.3.1)
    com.unity.ide.rider@3.0.28 (location: C:\Users\downl\Desktop\LilToon-PCSS-extension\liltoon-pcss-extension\Library\PackageCache\com.unity.ide.rider@3.0.28)
    com.unity.ide.visualstudio@2.0.22 (location: C:\Users\downl\Desktop\LilToon-PCSS-extension\liltoon-pcss-extension\Library\PackageCache\com.unity.ide.visualstudio@2.0.22)
    com.unity.ide.vscode@1.2.5 (location: C:\Users\downl\Desktop\LilToon-PCSS-extension\liltoon-pcss-extension\Library\PackageCache\com.unity.ide.vscode@1.2.5)
    com.unity.purchasing@4.9.3 (location: C:\Users\downl\Desktop\LilToon-PCSS-extension\liltoon-pcss-extension\Library\PackageCache\com.unity.purchasing@4.9.3)
    com.unity.test-framework@1.1.33 (location: C:\Users\downl\Desktop\LilToon-PCSS-extension\liltoon-pcss-extension\Library\PackageCache\com.unity.test-framework@1.1.33)
    com.unity.textmeshpro@3.0.6 (location: C:\Users\downl\Desktop\LilToon-PCSS-extension\liltoon-pcss-extension\Library\PackageCache\com.unity.textmeshpro@3.0.6)
    com.unity.timeline@1.7.6 (location: C:\Users\downl\Desktop\LilToon-PCSS-extension\liltoon-pcss-extension\Library\PackageCache\com.unity.timeline@1.7.6)
    com.unity.toolchain.win-x86_64-linux-x86_64@2.0.10 (location: C:\Users\downl\Desktop\LilToon-PCSS-extension\liltoon-pcss-extension\Library\PackageCache\com.unity.toolchain.win-x86_64-linux-x86_64@2.0.10)
    com.unity.xr.legacyinputhelpers@2.1.10 (location: C:\Users\downl\Desktop\LilToon-PCSS-extension\liltoon-pcss-extension\Library\PackageCache\com.unity.xr.legacyinputhelpers@2.1.10)
    com.unity.sysroot@2.0.10 (location: C:\Users\downl\Desktop\LilToon-PCSS-extension\liltoon-pcss-extension\Library\PackageCache\com.unity.sysroot@2.0.10)
    com.unity.sysroot.linux-x86_64@2.0.9 (location: C:\Users\downl\Desktop\LilToon-PCSS-extension\liltoon-pcss-extension\Library\PackageCache\com.unity.sysroot.linux-x86_64@2.0.9)
    com.unity.ext.nunit@1.0.6 (location: C:\Users\downl\Desktop\LilToon-PCSS-extension\liltoon-pcss-extension\Library\PackageCache\com.unity.ext.nunit@1.0.6)
    com.unity.services.core@1.12.4 (location: C:\Users\downl\Desktop\LilToon-PCSS-extension\liltoon-pcss-extension\Library\PackageCache\com.unity.services.core@1.12.4)
    com.unity.services.analytics@5.0.0 (location: C:\Users\downl\Desktop\LilToon-PCSS-extension\liltoon-pcss-extension\Library\PackageCache\com.unity.services.analytics@5.0.0)
    com.unity.mathematics@1.2.6 (location: C:\Users\downl\Desktop\LilToon-PCSS-extension\liltoon-pcss-extension\Library\PackageCache\com.unity.mathematics@1.2.6)
    com.unity.burst@1.8.12 (location: C:\Users\downl\Desktop\LilToon-PCSS-extension\liltoon-pcss-extension\Library\PackageCache\com.unity.burst@1.8.12)
    com.unity.nuget.newtonsoft-json@3.2.1 (location: C:\Users\downl\Desktop\LilToon-PCSS-extension\liltoon-pcss-extension\Library\PackageCache\com.unity.nuget.newtonsoft-json@3.2.1)
    com.unity.searcher@4.9.2 (location: C:\Users\downl\Desktop\LilToon-PCSS-extension\liltoon-pcss-extension\Library\PackageCache\com.unity.searcher@4.9.2)
  Built-in packages:
    com.unity.2d.sprite@1.0.0 (location: C:\Users\downl\Desktop\LilToon-PCSS-extension\liltoon-pcss-extension\Library\PackageCache\com.unity.2d.sprite@1.0.0)
    com.unity.2d.tilemap@1.0.0 (location: C:\Users\downl\Desktop\LilToon-PCSS-extension\liltoon-pcss-extension\Library\PackageCache\com.unity.2d.tilemap@1.0.0)
    com.unity.ugui@1.0.0 (location: C:\Users\downl\Desktop\LilToon-PCSS-extension\liltoon-pcss-extension\Library\PackageCache\com.unity.ugui@1.0.0)
    com.unity.modules.ai@1.0.0 (location: C:\Users\downl\Desktop\LilToon-PCSS-extension\liltoon-pcss-extension\Library\PackageCache\com.unity.modules.ai@1.0.0)
    com.unity.modules.androidjni@1.0.0 (location: C:\Users\downl\Desktop\LilToon-PCSS-extension\liltoon-pcss-extension\Library\PackageCache\com.unity.modules.androidjni@1.0.0)
    com.unity.modules.animation@1.0.0 (location: C:\Users\downl\Desktop\LilToon-PCSS-extension\liltoon-pcss-extension\Library\PackageCache\com.unity.modules.animation@1.0.0)
    com.unity.modules.assetbundle@1.0.0 (location: C:\Users\downl\Desktop\LilToon-PCSS-extension\liltoon-pcss-extension\Library\PackageCache\com.unity.modules.assetbundle@1.0.0)
    com.unity.modules.audio@1.0.0 (location: C:\Users\downl\Desktop\LilToon-PCSS-extension\liltoon-pcss-extension\Library\PackageCache\com.unity.modules.audio@1.0.0)
    com.unity.modules.cloth@1.0.0 (location: C:\Users\downl\Desktop\LilToon-PCSS-extension\liltoon-pcss-extension\Library\PackageCache\com.unity.modules.cloth@1.0.0)
    com.unity.modules.director@1.0.0 (location: C:\Users\downl\Desktop\LilToon-PCSS-extension\liltoon-pcss-extension\Library\PackageCache\com.unity.modules.director@1.0.0)
    com.unity.modules.imageconversion@1.0.0 (location: C:\Users\downl\Desktop\LilToon-PCSS-extension\liltoon-pcss-extension\Library\PackageCache\com.unity.modules.imageconversion@1.0.0)
    com.unity.modules.imgui@1.0.0 (location: C:\Users\downl\Desktop\LilToon-PCSS-extension\liltoon-pcss-extension\Library\PackageCache\com.unity.modules.imgui@1.0.0)
    com.unity.modules.jsonserialize@1.0.0 (location: C:\Users\downl\Desktop\LilToon-PCSS-extension\liltoon-pcss-extension\Library\PackageCache\com.unity.modules.jsonserialize@1.0.0)
    com.unity.modules.particlesystem@1.0.0 (location: C:\Users\downl\Desktop\LilToon-PCSS-extension\liltoon-pcss-extension\Library\PackageCache\com.unity.modules.particlesystem@1.0.0)
    com.unity.modules.physics@1.0.0 (location: C:\Users\downl\Desktop\LilToon-PCSS-extension\liltoon-pcss-extension\Library\PackageCache\com.unity.modules.physics@1.0.0)
    com.unity.modules.physics2d@1.0.0 (location: C:\Users\downl\Desktop\LilToon-PCSS-extension\liltoon-pcss-extension\Library\PackageCache\com.unity.modules.physics2d@1.0.0)
    com.unity.modules.screencapture@1.0.0 (location: C:\Users\downl\Desktop\LilToon-PCSS-extension\liltoon-pcss-extension\Library\PackageCache\com.unity.modules.screencapture@1.0.0)
    com.unity.modules.terrain@1.0.0 (location: C:\Users\downl\Desktop\LilToon-PCSS-extension\liltoon-pcss-extension\Library\PackageCache\com.unity.modules.terrain@1.0.0)
    com.unity.modules.terrainphysics@1.0.0 (location: C:\Users\downl\Desktop\LilToon-PCSS-extension\liltoon-pcss-extension\Library\PackageCache\com.unity.modules.terrainphysics@1.0.0)
    com.unity.modules.tilemap@1.0.0 (location: C:\Users\downl\Desktop\LilToon-PCSS-extension\liltoon-pcss-extension\Library\PackageCache\com.unity.modules.tilemap@1.0.0)
    com.unity.modules.ui@1.0.0 (location: C:\Users\downl\Desktop\LilToon-PCSS-extension\liltoon-pcss-extension\Library\PackageCache\com.unity.modules.ui@1.0.0)
    com.unity.modules.uielements@1.0.0 (location: C:\Users\downl\Desktop\LilToon-PCSS-extension\liltoon-pcss-extension\Library\PackageCache\com.unity.modules.uielements@1.0.0)
    com.unity.modules.umbra@1.0.0 (location: C:\Users\downl\Desktop\LilToon-PCSS-extension\liltoon-pcss-extension\Library\PackageCache\com.unity.modules.umbra@1.0.0)
    com.unity.modules.unityanalytics@1.0.0 (location: C:\Users\downl\Desktop\LilToon-PCSS-extension\liltoon-pcss-extension\Library\PackageCache\com.unity.modules.unityanalytics@1.0.0)
    com.unity.modules.unitywebrequest@1.0.0 (location: C:\Users\downl\Desktop\LilToon-PCSS-extension\liltoon-pcss-extension\Library\PackageCache\com.unity.modules.unitywebrequest@1.0.0)
    com.unity.modules.unitywebrequestassetbundle@1.0.0 (location: C:\Users\downl\Desktop\LilToon-PCSS-extension\liltoon-pcss-extension\Library\PackageCache\com.unity.modules.unitywebrequestassetbundle@1.0.0)
    com.unity.modules.unitywebrequestaudio@1.0.0 (location: C:\Users\downl\Desktop\LilToon-PCSS-extension\liltoon-pcss-extension\Library\PackageCache\com.unity.modules.unitywebrequestaudio@1.0.0)
    com.unity.modules.unitywebrequesttexture@1.0.0 (location: C:\Users\downl\Desktop\LilToon-PCSS-extension\liltoon-pcss-extension\Library\PackageCache\com.unity.modules.unitywebrequesttexture@1.0.0)
    com.unity.modules.unitywebrequestwww@1.0.0 (location: C:\Users\downl\Desktop\LilToon-PCSS-extension\liltoon-pcss-extension\Library\PackageCache\com.unity.modules.unitywebrequestwww@1.0.0)
    com.unity.modules.vehicles@1.0.0 (location: C:\Users\downl\Desktop\LilToon-PCSS-extension\liltoon-pcss-extension\Library\PackageCache\com.unity.modules.vehicles@1.0.0)
    com.unity.modules.video@1.0.0 (location: C:\Users\downl\Desktop\LilToon-PCSS-extension\liltoon-pcss-extension\Library\PackageCache\com.unity.modules.video@1.0.0)
    com.unity.modules.vr@1.0.0 (location: C:\Users\downl\Desktop\LilToon-PCSS-extension\liltoon-pcss-extension\Library\PackageCache\com.unity.modules.vr@1.0.0)
    com.unity.modules.wind@1.0.0 (location: C:\Users\downl\Desktop\LilToon-PCSS-extension\liltoon-pcss-extension\Library\PackageCache\com.unity.modules.wind@1.0.0)
    com.unity.modules.xr@1.0.0 (location: C:\Users\downl\Desktop\LilToon-PCSS-extension\liltoon-pcss-extension\Library\PackageCache\com.unity.modules.xr@1.0.0)
    com.unity.render-pipelines.universal@14.0.10 (location: C:\Users\downl\Desktop\LilToon-PCSS-extension\liltoon-pcss-extension\Library\PackageCache\com.unity.render-pipelines.universal@14.0.10)
    com.unity.render-pipelines.core@14.0.10 (location: C:\Users\downl\Desktop\LilToon-PCSS-extension\liltoon-pcss-extension\Library\PackageCache\com.unity.render-pipelines.core@14.0.10)
    com.unity.modules.subsystems@1.0.0 (location: C:\Users\downl\Desktop\LilToon-PCSS-extension\liltoon-pcss-extension\Library\PackageCache\com.unity.modules.subsystems@1.0.0)
    com.unity.shadergraph@14.0.10 (location: C:\Users\downl\Desktop\LilToon-PCSS-extension\liltoon-pcss-extension\Library\PackageCache\com.unity.shadergraph@14.0.10)
    com.unity.render-pipelines.universal-config@14.0.9 (location: C:\Users\downl\Desktop\LilToon-PCSS-extension\liltoon-pcss-extension\Library\PackageCache\com.unity.render-pipelines.universal-config@14.0.9)
  Embedded packages:
    com.liltoon.pcss-extension@file:C:\Users\downl\Desktop\LilToon-PCSS-extension\liltoon-pcss-extension\Packages\com.liltoon.pcss-extension (location: C:\Users\downl\Desktop\LilToon-PCSS-extension\liltoon-pcss-extension\Packages\com.liltoon.pcss-extension)
[Subsystems] No new subsystems found in resolved package list.
Package Manager log level set to [2]
[Package Manager] Done registering packages in 0.08 seconds
Refreshing native plugins compatible for Editor in 1498.86 ms, found 2 plugins.
Preloading 0 native plugins for Editor in 0.00 ms.
Initialize engine version: 2022.3.22f1 (887be4894c44)
[Subsystems] Discovering subsystems at path C:/Program Files/Unity/Hub/Editor/2022.3.22f1/Editor/Data/Resources/UnitySubsystems
[Subsystems] Discovering subsystems at path C:/Users/downl/Desktop/LilToon-PCSS-extension/liltoon-pcss-extension/Assets
GfxDevice: creating device client; threaded=0; jobified=0
Direct3D:
    Version:  Direct3D 11.0 [level 11.1]
    Renderer: NVIDIA GeForce RTX 3060 (ID=0x2487)
    Vendor:   NVIDIA
    VRAM:     12110 MB
    Driver:   32.0.15.8088
[Licensing::Client] Successfully resolved entitlements
Initialize mono
Mono path[0] = 'C:/Program Files/Unity/Hub/Editor/2022.3.22f1/Editor/Data/Managed'
Mono path[1] = 'C:/Program Files/Unity/Hub/Editor/2022.3.22f1/Editor/Data/MonoBleedingEdge/lib/mono/unityjit-win32'
Mono config path = 'C:/Program Files/Unity/Hub/Editor/2022.3.22f1/Editor/Data/MonoBleedingEdge/etc'
Using monoOptions --debugger-agent=transport=dt_socket,embedding=1,server=y,suspend=n,address=127.0.0.1:56928
Using cacheserver namespaces - metadata:defaultmetadata, artifacts:defaultartifacts
Using cacheserver namespaces - metadata:defaultmetadata, artifacts:defaultartifacts
ImportWorker Server TCP listen port: 0
Begin MonoManager ReloadAssembly
Registering precompiled unity dll's ...
Register platform support module: C:/Program Files/Unity/Hub/Editor/2022.3.22f1/Editor/Data/PlaybackEngines/WebGLSupport/UnityEditor.WebGL.Extensions.dll
Register platform support module: C:/Program Files/Unity/Hub/Editor/2022.3.22f1/Editor/Data/PlaybackEngines/MacStandaloneSupport/UnityEditor.OSXStandalone.Extensions.dll
[Licensing::Client] Successfully resolved entitlements
Register platform support module: C:/Program Files/Unity/Hub/Editor/2022.3.22f1/Editor/Data/PlaybackEngines/AndroidPlayer/UnityEditor.Android.Extensions.dll
[Licensing::Client] Successfully resolved entitlements
Register platform support module: C:/Program Files/Unity/Hub/Editor/2022.3.22f1/Editor/Data/PlaybackEngines/iOSSupport/UnityEditor.iOS.Extensions.dll
Register platform support module: C:/Program Files/Unity/Hub/Editor/2022.3.22f1/Editor/Data/PlaybackEngines/VisionOSPlayer/UnityEditor.VisionOS.Extensions.dll
Register platform support module: C:/Program Files/Unity/Hub/Editor/2022.3.22f1/Editor/Data/PlaybackEngines/AppleTVSupport/UnityEditor.AppleTV.Extensions.dll
Register platform support module: C:/Program Files/Unity/Hub/Editor/2022.3.22f1/Editor/Data/PlaybackEngines/WindowsStandaloneSupport/UnityEditor.WindowsStandalone.Extensions.dll
Register platform support module: C:/Program Files/Unity/Hub/Editor/2022.3.22f1/Editor/Data/PlaybackEngines/LinuxStandaloneSupport/UnityEditor.LinuxStandalone.Extensions.dll
[Licensing::Client] Successfully resolved entitlements
Register platform support module: C:/Program Files/Unity/Hub/Editor/2022.3.22f1/Editor/Data/PlaybackEngines/MetroSupport/UnityEditor.UWP.Extensions.dll
Registered in 1.273667 seconds.
- Loaded All Assemblies, in  9.830 seconds
Native extension for UWP target not found
Native extension for LinuxStandalone target not found
Native extension for WindowsStandalone target not found
Native extension for AppleTV target not found
Failed to load: C:/Program Files/Unity/Hub/Editor/2022.3.22f1/Editor/Data/PlaybackEngines/VisionOSPlayer\x64\UnityEditor.VisionOS.Native.dll
Native extension for VisionOS target not found
Native extension for iOS target not found
Native extension for Android target not found
Android Extension - Scanning For ADB Devices 2485 ms
Native extension for OSXStandalone target not found
Native extension for WebGL target not found
Mono: successfully reloaded assembly
- Finished resetting the current domain, in  4.599 seconds
Domain Reload Profiling: 14427ms
	BeginReloadAssembly (5539ms)
		ExecutionOrderSort (0ms)
		DisableScriptedObjects (0ms)
		BackupInstance (0ms)
		ReleaseScriptingObjects (0ms)
		CreateAndSetChildDomain (1ms)
	RebuildCommonClasses (494ms)
	RebuildNativeTypeToScriptingClass (10ms)
	initialDomainReloadingComplete (1384ms)
	LoadAllAssembliesAndSetupDomain (2400ms)
		LoadAssemblies (5545ms)
		RebuildTransferFunctionScriptingTraits (0ms)
		AnalyzeDomain (2388ms)
			TypeCache.Refresh (2380ms)
				TypeCache.ScanAssembly (1985ms)
			ScanForSourceGeneratedMonoScriptInfo (1ms)
			ResolveRequiredComponents (7ms)
	FinalizeReload (4599ms)
		ReleaseScriptCaches (0ms)
		RebuildScriptCaches (0ms)
		SetupLoadedEditorAssemblies (4530ms)
			LogAssemblyErrors (0ms)
			InitializePlatformSupportModulesInManaged (4280ms)
			SetLoadedEditorAssemblies (4ms)
			RefreshPlugins (0ms)
			BeforeProcessingInitializeOnLoad (3ms)
			ProcessInitializeOnLoadAttributes (192ms)
			ProcessInitializeOnLoadMethodAttributes (51ms)
			AfterProcessingInitializeOnLoad (0ms)
			EditorAssembliesLoaded (0ms)
		ExecutionOrderSort2 (0ms)
		AwakeInstancesAfterBackupRestoration (0ms)
[Licensing::Client] Successfully resolved entitlements
Application.AssetDatabase Initial Refresh Start
[Package Manager] Done resolving packages in 1.39 seconds
[Package Manager] Registered 62 packages:
  Packages from [https://packages.unity.com]:
    com.unity.ads@4.4.2 (location: C:\Users\downl\Desktop\LilToon-PCSS-extension\liltoon-pcss-extension\Library\PackageCache\com.unity.ads@4.4.2)
    com.unity.ai.navigation@1.1.5 (location: C:\Users\downl\Desktop\LilToon-PCSS-extension\liltoon-pcss-extension\Library\PackageCache\com.unity.ai.navigation@1.1.5)
    com.unity.analytics@3.8.1 (location: C:\Users\downl\Desktop\LilToon-PCSS-extension\liltoon-pcss-extension\Library\PackageCache\com.unity.analytics@3.8.1)
    com.unity.collab-proxy@2.3.1 (location: C:\Users\downl\Desktop\LilToon-PCSS-extension\liltoon-pcss-extension\Library\PackageCache\com.unity.collab-proxy@2.3.1)
    com.unity.ide.rider@3.0.28 (location: C:\Users\downl\Desktop\LilToon-PCSS-extension\liltoon-pcss-extension\Library\PackageCache\com.unity.ide.rider@3.0.28)
    com.unity.ide.visualstudio@2.0.22 (location: C:\Users\downl\Desktop\LilToon-PCSS-extension\liltoon-pcss-extension\Library\PackageCache\com.unity.ide.visualstudio@2.0.22)
    com.unity.ide.vscode@1.2.5 (location: C:\Users\downl\Desktop\LilToon-PCSS-extension\liltoon-pcss-extension\Library\PackageCache\com.unity.ide.vscode@1.2.5)
    com.unity.purchasing@4.9.3 (location: C:\Users\downl\Desktop\LilToon-PCSS-extension\liltoon-pcss-extension\Library\PackageCache\com.unity.purchasing@4.9.3)
    com.unity.test-framework@1.1.33 (location: C:\Users\downl\Desktop\LilToon-PCSS-extension\liltoon-pcss-extension\Library\PackageCache\com.unity.test-framework@1.1.33)
    com.unity.textmeshpro@3.0.6 (location: C:\Users\downl\Desktop\LilToon-PCSS-extension\liltoon-pcss-extension\Library\PackageCache\com.unity.textmeshpro@3.0.6)
    com.unity.timeline@1.7.6 (location: C:\Users\downl\Desktop\LilToon-PCSS-extension\liltoon-pcss-extension\Library\PackageCache\com.unity.timeline@1.7.6)
    com.unity.toolchain.win-x86_64-linux-x86_64@2.0.10 (location: C:\Users\downl\Desktop\LilToon-PCSS-extension\liltoon-pcss-extension\Library\PackageCache\com.unity.toolchain.win-x86_64-linux-x86_64@2.0.10)
    com.unity.xr.legacyinputhelpers@2.1.10 (location: C:\Users\downl\Desktop\LilToon-PCSS-extension\liltoon-pcss-extension\Library\PackageCache\com.unity.xr.legacyinputhelpers@2.1.10)
    com.unity.sysroot@2.0.10 (location: C:\Users\downl\Desktop\LilToon-PCSS-extension\liltoon-pcss-extension\Library\PackageCache\com.unity.sysroot@2.0.10)
    com.unity.sysroot.linux-x86_64@2.0.9 (location: C:\Users\downl\Desktop\LilToon-PCSS-extension\liltoon-pcss-extension\Library\PackageCache\com.unity.sysroot.linux-x86_64@2.0.9)
    com.unity.ext.nunit@1.0.6 (location: C:\Users\downl\Desktop\LilToon-PCSS-extension\liltoon-pcss-extension\Library\PackageCache\com.unity.ext.nunit@1.0.6)
    com.unity.services.core@1.12.4 (location: C:\Users\downl\Desktop\LilToon-PCSS-extension\liltoon-pcss-extension\Library\PackageCache\com.unity.services.core@1.12.4)
    com.unity.services.analytics@5.0.0 (location: C:\Users\downl\Desktop\LilToon-PCSS-extension\liltoon-pcss-extension\Library\PackageCache\com.unity.services.analytics@5.0.0)
    com.unity.mathematics@1.2.6 (location: C:\Users\downl\Desktop\LilToon-PCSS-extension\liltoon-pcss-extension\Library\PackageCache\com.unity.mathematics@1.2.6)
    com.unity.burst@1.8.12 (location: C:\Users\downl\Desktop\LilToon-PCSS-extension\liltoon-pcss-extension\Library\PackageCache\com.unity.burst@1.8.12)
    com.unity.nuget.newtonsoft-json@3.2.1 (location: C:\Users\downl\Desktop\LilToon-PCSS-extension\liltoon-pcss-extension\Library\PackageCache\com.unity.nuget.newtonsoft-json@3.2.1)
    com.unity.searcher@4.9.2 (location: C:\Users\downl\Desktop\LilToon-PCSS-extension\liltoon-pcss-extension\Library\PackageCache\com.unity.searcher@4.9.2)
  Built-in packages:
    com.unity.2d.sprite@1.0.0 (location: C:\Users\downl\Desktop\LilToon-PCSS-extension\liltoon-pcss-extension\Library\PackageCache\com.unity.2d.sprite@1.0.0)
    com.unity.2d.tilemap@1.0.0 (location: C:\Users\downl\Desktop\LilToon-PCSS-extension\liltoon-pcss-extension\Library\PackageCache\com.unity.2d.tilemap@1.0.0)
    com.unity.ugui@1.0.0 (location: C:\Users\downl\Desktop\LilToon-PCSS-extension\liltoon-pcss-extension\Library\PackageCache\com.unity.ugui@1.0.0)
    com.unity.modules.ai@1.0.0 (location: C:\Users\downl\Desktop\LilToon-PCSS-extension\liltoon-pcss-extension\Library\PackageCache\com.unity.modules.ai@1.0.0)
    com.unity.modules.androidjni@1.0.0 (location: C:\Users\downl\Desktop\LilToon-PCSS-extension\liltoon-pcss-extension\Library\PackageCache\com.unity.modules.androidjni@1.0.0)
    com.unity.modules.animation@1.0.0 (location: C:\Users\downl\Desktop\LilToon-PCSS-extension\liltoon-pcss-extension\Library\PackageCache\com.unity.modules.animation@1.0.0)
    com.unity.modules.assetbundle@1.0.0 (location: C:\Users\downl\Desktop\LilToon-PCSS-extension\liltoon-pcss-extension\Library\PackageCache\com.unity.modules.assetbundle@1.0.0)
    com.unity.modules.audio@1.0.0 (location: C:\Users\downl\Desktop\LilToon-PCSS-extension\liltoon-pcss-extension\Library\PackageCache\com.unity.modules.audio@1.0.0)
    com.unity.modules.cloth@1.0.0 (location: C:\Users\downl\Desktop\LilToon-PCSS-extension\liltoon-pcss-extension\Library\PackageCache\com.unity.modules.cloth@1.0.0)
    com.unity.modules.director@1.0.0 (location: C:\Users\downl\Desktop\LilToon-PCSS-extension\liltoon-pcss-extension\Library\PackageCache\com.unity.modules.director@1.0.0)
    com.unity.modules.imageconversion@1.0.0 (location: C:\Users\downl\Desktop\LilToon-PCSS-extension\liltoon-pcss-extension\Library\PackageCache\com.unity.modules.imageconversion@1.0.0)
    com.unity.modules.imgui@1.0.0 (location: C:\Users\downl\Desktop\LilToon-PCSS-extension\liltoon-pcss-extension\Library\PackageCache\com.unity.modules.imgui@1.0.0)
    com.unity.modules.jsonserialize@1.0.0 (location: C:\Users\downl\Desktop\LilToon-PCSS-extension\liltoon-pcss-extension\Library\PackageCache\com.unity.modules.jsonserialize@1.0.0)
    com.unity.modules.particlesystem@1.0.0 (location: C:\Users\downl\Desktop\LilToon-PCSS-extension\liltoon-pcss-extension\Library\PackageCache\com.unity.modules.particlesystem@1.0.0)
    com.unity.modules.physics@1.0.0 (location: C:\Users\downl\Desktop\LilToon-PCSS-extension\liltoon-pcss-extension\Library\PackageCache\com.unity.modules.physics@1.0.0)
    com.unity.modules.physics2d@1.0.0 (location: C:\Users\downl\Desktop\LilToon-PCSS-extension\liltoon-pcss-extension\Library\PackageCache\com.unity.modules.physics2d@1.0.0)
    com.unity.modules.screencapture@1.0.0 (location: C:\Users\downl\Desktop\LilToon-PCSS-extension\liltoon-pcss-extension\Library\PackageCache\com.unity.modules.screencapture@1.0.0)
    com.unity.modules.terrain@1.0.0 (location: C:\Users\downl\Desktop\LilToon-PCSS-extension\liltoon-pcss-extension\Library\PackageCache\com.unity.modules.terrain@1.0.0)
    com.unity.modules.terrainphysics@1.0.0 (location: C:\Users\downl\Desktop\LilToon-PCSS-extension\liltoon-pcss-extension\Library\PackageCache\com.unity.modules.terrainphysics@1.0.0)
    com.unity.modules.tilemap@1.0.0 (location: C:\Users\downl\Desktop\LilToon-PCSS-extension\liltoon-pcss-extension\Library\PackageCache\com.unity.modules.tilemap@1.0.0)
    com.unity.modules.ui@1.0.0 (location: C:\Users\downl\Desktop\LilToon-PCSS-extension\liltoon-pcss-extension\Library\PackageCache\com.unity.modules.ui@1.0.0)
    com.unity.modules.uielements@1.0.0 (location: C:\Users\downl\Desktop\LilToon-PCSS-extension\liltoon-pcss-extension\Library\PackageCache\com.unity.modules.uielements@1.0.0)
    com.unity.modules.umbra@1.0.0 (location: C:\Users\downl\Desktop\LilToon-PCSS-extension\liltoon-pcss-extension\Library\PackageCache\com.unity.modules.umbra@1.0.0)
    com.unity.modules.unityanalytics@1.0.0 (location: C:\Users\downl\Desktop\LilToon-PCSS-extension\liltoon-pcss-extension\Library\PackageCache\com.unity.modules.unityanalytics@1.0.0)
    com.unity.modules.unitywebrequest@1.0.0 (location: C:\Users\downl\Desktop\LilToon-PCSS-extension\liltoon-pcss-extension\Library\PackageCache\com.unity.modules.unitywebrequest@1.0.0)
    com.unity.modules.unitywebrequestassetbundle@1.0.0 (location: C:\Users\downl\Desktop\LilToon-PCSS-extension\liltoon-pcss-extension\Library\PackageCache\com.unity.modules.unitywebrequestassetbundle@1.0.0)
    com.unity.modules.unitywebrequestaudio@1.0.0 (location: C:\Users\downl\Desktop\LilToon-PCSS-extension\liltoon-pcss-extension\Library\PackageCache\com.unity.modules.unitywebrequestaudio@1.0.0)
    com.unity.modules.unitywebrequesttexture@1.0.0 (location: C:\Users\downl\Desktop\LilToon-PCSS-extension\liltoon-pcss-extension\Library\PackageCache\com.unity.modules.unitywebrequesttexture@1.0.0)
    com.unity.modules.unitywebrequestwww@1.0.0 (location: C:\Users\downl\Desktop\LilToon-PCSS-extension\liltoon-pcss-extension\Library\PackageCache\com.unity.modules.unitywebrequestwww@1.0.0)
    com.unity.modules.vehicles@1.0.0 (location: C:\Users\downl\Desktop\LilToon-PCSS-extension\liltoon-pcss-extension\Library\PackageCache\com.unity.modules.vehicles@1.0.0)
    com.unity.modules.video@1.0.0 (location: C:\Users\downl\Desktop\LilToon-PCSS-extension\liltoon-pcss-extension\Library\PackageCache\com.unity.modules.video@1.0.0)
    com.unity.modules.vr@1.0.0 (location: C:\Users\downl\Desktop\LilToon-PCSS-extension\liltoon-pcss-extension\Library\PackageCache\com.unity.modules.vr@1.0.0)
    com.unity.modules.wind@1.0.0 (location: C:\Users\downl\Desktop\LilToon-PCSS-extension\liltoon-pcss-extension\Library\PackageCache\com.unity.modules.wind@1.0.0)
    com.unity.modules.xr@1.0.0 (location: C:\Users\downl\Desktop\LilToon-PCSS-extension\liltoon-pcss-extension\Library\PackageCache\com.unity.modules.xr@1.0.0)
    com.unity.render-pipelines.universal@14.0.10 (location: C:\Users\downl\Desktop\LilToon-PCSS-extension\liltoon-pcss-extension\Library\PackageCache\com.unity.render-pipelines.universal@14.0.10)
    com.unity.render-pipelines.core@14.0.10 (location: C:\Users\downl\Desktop\LilToon-PCSS-extension\liltoon-pcss-extension\Library\PackageCache\com.unity.render-pipelines.core@14.0.10)
    com.unity.modules.subsystems@1.0.0 (location: C:\Users\downl\Desktop\LilToon-PCSS-extension\liltoon-pcss-extension\Library\PackageCache\com.unity.modules.subsystems@1.0.0)
    com.unity.shadergraph@14.0.10 (location: C:\Users\downl\Desktop\LilToon-PCSS-extension\liltoon-pcss-extension\Library\PackageCache\com.unity.shadergraph@14.0.10)
    com.unity.render-pipelines.universal-config@14.0.9 (location: C:\Users\downl\Desktop\LilToon-PCSS-extension\liltoon-pcss-extension\Library\PackageCache\com.unity.render-pipelines.universal-config@14.0.9)
  Embedded packages:
    com.liltoon.pcss-extension@file:C:\Users\downl\Desktop\LilToon-PCSS-extension\liltoon-pcss-extension\Packages\com.liltoon.pcss-extension (location: C:\Users\downl\Desktop\LilToon-PCSS-extension\liltoon-pcss-extension\Packages\com.liltoon.pcss-extension)
[Subsystems] No new subsystems found in resolved package list.
[Package Manager] Done registering packages in 0.00 seconds
GUID [a8fbeaab77d0f6941a7d92592b2de0b7] for asset 'Assets/Shaders/Shaders/package.json' conflicts with:
  'Assets/Shaders/package.json' (current owner)
Assigning a new guid.
[API Updater] Processing imported assemblies took 91 ms (0/0 assembly(ies)).
Assembly Updater Post Process Assets time: 0.094057s
[ScriptCompilation] Requested script compilation because: Assembly Definition File(s) changed
[ScriptCompilation] Requested script compilation because: Assetdatabase observed changes in script compilation related files
Starting: C:\Program Files\Unity\Hub\Editor\2022.3.22f1\Editor\Data\bee_backend.exe --dont-print-to-structured-log --ipc --defer-dag-verification --dagfile="Library/Bee/1900b0aE.dag" --continue-on-failure --profile="Library/Bee/backend1.traceevents" ScriptAssemblies
WorkingDir: C:/Users/downl/Desktop/LilToon-PCSS-extension/liltoon-pcss-extension
DisplayProgressbar: Compiling Scripts
ExitCode: 4 Duration: 5s927ms
Rebuilding DAG because FileSignature timestamp changed: Library/Bee/1900b0aE-inputdata.json
[651/668    0s] MovedFromExtractorCombine Library/Bee/artifacts/1900b0aE.dag/Unity.Timeline.dll.mvfrm
[652/668    5s] Csc Library/Bee/artifacts/1900b0aE.dag/lilToon.PCSS.Editor.dll (+2 others)
##### CommandLine
"C:\Program Files\Unity\Hub\Editor\2022.3.22f1\Editor\Data\NetCoreRuntime\dotnet.exe" exec "C:/Program Files/Unity/Hub/Editor/2022.3.22f1/Editor/Data/DotNetSdkRoslyn/csc.dll" /nostdlib /noconfig /shared "@Library/Bee/artifacts/1900b0aE.dag/lilToon.PCSS.Editor.rsp" "@Library/Bee/artifacts/1900b0aE.dag/lilToon.PCSS.Editor.rsp2"
##### Contents of Library\Bee\artifacts\1900b0aE.dag\lilToon.PCSS.Editor.rsp
-target:library

-out:"Library/Bee/artifacts/1900b0aE.dag/lilToon.PCSS.Editor.dll"

-refout:"Library/Bee/artifacts/1900b0aE.dag/lilToon.PCSS.Editor.ref.dll"

-define:UNITY_2022_3_22

-define:UNITY_2022_3

-define:UNITY_2022

-define:UNITY_5_3_OR_NEWER

-define:UNITY_5_4_OR_NEWER

-define:UNITY_5_5_OR_NEWER

-define:UNITY_5_6_OR_NEWER

-define:UNITY_2017_1_OR_NEWER

-define:UNITY_2017_2_OR_NEWER

-define:UNITY_2017_3_OR_NEWER

-define:UNITY_2017_4_OR_NEWER

-define:UNITY_2018_1_OR_NEWER

-define:UNITY_2018_2_OR_NEWER

-define:UNITY_2018_3_OR_NEWER

-define:UNITY_2018_4_OR_NEWER

-define:UNITY_2019_1_OR_NEWER

-define:UNITY_2019_2_OR_NEWER

-define:UNITY_2019_3_OR_NEWER

-define:UNITY_2019_4_OR_NEWER

-define:UNITY_2020_1_OR_NEWER

-define:UNITY_2020_2_OR_NEWER

-define:UNITY_2020_3_OR_NEWER

-define:UNITY_2021_1_OR_NEWER

-define:UNITY_2021_2_OR_NEWER

-define:UNITY_2021_3_OR_NEWER

-define:UNITY_2022_1_OR_NEWER

-define:UNITY_2022_2_OR_NEWER

-define:UNITY_2022_3_OR_NEWER

-define:PLATFORM_ARCH_64

-define:UNITY_64

-define:UNITY_INCLUDE_TESTS

-define:ENABLE_AR

-define:ENABLE_AUDIO

-define:ENABLE_CACHING

-define:ENABLE_CLOTH

-define:ENABLE_EVENT_QUEUE

-define:ENABLE_MICROPHONE

-define:ENABLE_MULTIPLE_DISPLAYS

-define:ENABLE_PHYSICS

-define:ENABLE_TEXTURE_STREAMING

-define:ENABLE_VIRTUALTEXTURING

-define:ENABLE_LZMA

-define:ENABLE_UNITYEVENTS

-define:ENABLE_VR

-define:ENABLE_WEBCAM

-define:ENABLE_UNITYWEBREQUEST

-define:ENABLE_WWW

-define:ENABLE_CLOUD_SERVICES

-define:ENABLE_CLOUD_SERVICES_ADS

-define:ENABLE_CLOUD_SERVICES_USE_WEBREQUEST

-define:ENABLE_CLOUD_SERVICES_CRASH_REPORTING

-define:ENABLE_CLOUD_SERVICES_PURCHASING

-define:ENABLE_CLOUD_SERVICES_ANALYTICS

-define:ENABLE_CLOUD_SERVICES_BUILD

-define:ENABLE_EDITOR_GAME_SERVICES

-define:ENABLE_UNITY_GAME_SERVICES_ANALYTICS_SUPPORT

-define:ENABLE_CLOUD_LICENSE

-define:ENABLE_EDITOR_HUB_LICENSE

-define:ENABLE_WEBSOCKET_CLIENT

-define:ENABLE_GENERATE_NATIVE_PLUGINS_FOR_ASSEMBLIES_API

-define:ENABLE_DIRECTOR_AUDIO

-define:ENABLE_DIRECTOR_TEXTURE

-define:ENABLE_MANAGED_JOBS

-define:ENABLE_MANAGED_TRANSFORM_JOBS

-define:ENABLE_MANAGED_ANIMATION_JOBS

-define:ENABLE_MANAGED_AUDIO_JOBS

-define:ENABLE_MANAGED_UNITYTLS

-define:INCLUDE_DYNAMIC_GI

-define:ENABLE_SCRIPTING_GC_WBARRIERS

-define:PLATFORM_SUPPORTS_MONO

-define:RENDER_SOFTWARE_CURSOR

-define:ENABLE_VIDEO

-define:ENABLE_ACCELERATOR_CLIENT_DEBUGGING

-define:ENABLE_NAVIGATION_PACKAGE_DEBUG_VISUALIZATION

-define:ENABLE_NAVIGATION_HEIGHTMESH_RUNTIME_SUPPORT

-define:ENABLE_NAVIGATION_UI_REQUIRES_PACKAGE

-define:PLATFORM_STANDALONE

-define:TEXTCORE_1_0_OR_NEWER

-define:PLATFORM_STANDALONE_WIN

-define:UNITY_STANDALONE_WIN

-define:UNITY_STANDALONE

-define:ENABLE_RUNTIME_GI

-define:ENABLE_MOVIES

-define:ENABLE_NETWORK

-define:ENABLE_NVIDIA

-define:ENABLE_CRUNCH_TEXTURE_COMPRESSION

-define:ENABLE_OUT_OF_PROCESS_CRASH_HANDLER

-define:ENABLE_CLUSTER_SYNC

-define:ENABLE_CLUSTERINPUT

-define:PLATFORM_UPDATES_TIME_OUTSIDE_OF_PLAYER_LOOP

-define:GFXDEVICE_WAITFOREVENT_MESSAGEPUMP

-define:PLATFORM_INITIALIZES_MEMORY_MANAGER_EXPLICITLY

-define:ENABLE_MONO

-define:NET_4_6

-define:NET_UNITY_4_8

-define:ENABLE_PROFILER

-define:DEBUG

-define:TRACE

-define:UNITY_ASSERTIONS

-define:UNITY_EDITOR

-define:UNITY_EDITOR_64

-define:UNITY_EDITOR_WIN

-define:ENABLE_UNITY_COLLECTIONS_CHECKS

-define:ENABLE_BURST_AOT

-define:UNITY_TEAM_LICENSE

-define:ENABLE_CUSTOM_RENDER_TEXTURE

-define:ENABLE_DIRECTOR

-define:ENABLE_LOCALIZATION

-define:ENABLE_SPRITES

-define:ENABLE_TERRAIN

-define:ENABLE_TILEMAP

-define:ENABLE_TIMELINE

-define:ENABLE_LEGACY_INPUT_MANAGER

-define:TEXTCORE_FONT_ENGINE_1_5_OR_NEWER

-define:CSHARP_7_OR_LATER

-define:CSHARP_7_3_OR_NEWER

-define:UNITY_EDITOR_ONLY_COMPILATION

-r:"C:/Program Files/Unity/Hub/Editor/2022.3.22f1/Editor/Data/Managed/UnityEditor.Graphs.dll"

-r:"C:/Program Files/Unity/Hub/Editor/2022.3.22f1/Editor/Data/Managed/UnityEngine/UnityEditor.CoreModule.dll"

-r:"C:/Program Files/Unity/Hub/Editor/2022.3.22f1/Editor/Data/Managed/UnityEngine/UnityEditor.DeviceSimulatorModule.dll"

-r:"C:/Program Files/Unity/Hub/Editor/2022.3.22f1/Editor/Data/Managed/UnityEngine/UnityEditor.DiagnosticsModule.dll"

-r:"C:/Program Files/Unity/Hub/Editor/2022.3.22f1/Editor/Data/Managed/UnityEngine/UnityEditor.dll"

-r:"C:/Program Files/Unity/Hub/Editor/2022.3.22f1/Editor/Data/Managed/UnityEngine/UnityEditor.EditorToolbarModule.dll"

-r:"C:/Program Files/Unity/Hub/Editor/2022.3.22f1/Editor/Data/Managed/UnityEngine/UnityEditor.GraphViewModule.dll"

-r:"C:/Program Files/Unity/Hub/Editor/2022.3.22f1/Editor/Data/Managed/UnityEngine/UnityEditor.PresetsUIModule.dll"

-r:"C:/Program Files/Unity/Hub/Editor/2022.3.22f1/Editor/Data/Managed/UnityEngine/UnityEditor.QuickSearchModule.dll"

-r:"C:/Program Files/Unity/Hub/Editor/2022.3.22f1/Editor/Data/Managed/UnityEngine/UnityEditor.SceneTemplateModule.dll"

-r:"C:/Program Files/Unity/Hub/Editor/2022.3.22f1/Editor/Data/Managed/UnityEngine/UnityEditor.SceneViewModule.dll"

-r:"C:/Program Files/Unity/Hub/Editor/2022.3.22f1/Editor/Data/Managed/UnityEngine/UnityEditor.TextCoreFontEngineModule.dll"

-r:"C:/Program Files/Unity/Hub/Editor/2022.3.22f1/Editor/Data/Managed/UnityEngine/UnityEditor.TextCoreTextEngineModule.dll"

-r:"C:/Program Files/Unity/Hub/Editor/2022.3.22f1/Editor/Data/Managed/UnityEngine/UnityEditor.UIBuilderModule.dll"

-r:"C:/Program Files/Unity/Hub/Editor/2022.3.22f1/Editor/Data/Managed/UnityEngine/UnityEditor.UIElementsModule.dll"

-r:"C:/Program Files/Unity/Hub/Editor/2022.3.22f1/Editor/Data/Managed/UnityEngine/UnityEditor.UIElementsSamplesModule.dll"

-r:"C:/Program Files/Unity/Hub/Editor/2022.3.22f1/Editor/Data/Managed/UnityEngine/UnityEditor.UnityConnectModule.dll"

-r:"C:/Program Files/Unity/Hub/Editor/2022.3.22f1/Editor/Data/Managed/UnityEngine/UnityEngine.AccessibilityModule.dll"

-r:"C:/Program Files/Unity/Hub/Editor/2022.3.22f1/Editor/Data/Managed/UnityEngine/UnityEngine.AIModule.dll"

-r:"C:/Program Files/Unity/Hub/Editor/2022.3.22f1/Editor/Data/Managed/UnityEngine/UnityEngine.AndroidJNIModule.dll"

-r:"C:/Program Files/Unity/Hub/Editor/2022.3.22f1/Editor/Data/Managed/UnityEngine/UnityEngine.AnimationModule.dll"

-r:"C:/Program Files/Unity/Hub/Editor/2022.3.22f1/Editor/Data/Managed/UnityEngine/UnityEngine.ARModule.dll"

-r:"C:/Program Files/Unity/Hub/Editor/2022.3.22f1/Editor/Data/Managed/UnityEngine/UnityEngine.AssetBundleModule.dll"

-r:"C:/Program Files/Unity/Hub/Editor/2022.3.22f1/Editor/Data/Managed/UnityEngine/UnityEngine.AudioModule.dll"

-r:"C:/Program Files/Unity/Hub/Editor/2022.3.22f1/Editor/Data/Managed/UnityEngine/UnityEngine.ClothModule.dll"

-r:"C:/Program Files/Unity/Hub/Editor/2022.3.22f1/Editor/Data/Managed/UnityEngine/UnityEngine.ClusterInputModule.dll"

-r:"C:/Program Files/Unity/Hub/Editor/2022.3.22f1/Editor/Data/Managed/UnityEngine/UnityEngine.ClusterRendererModule.dll"

-r:"C:/Program Files/Unity/Hub/Editor/2022.3.22f1/Editor/Data/Managed/UnityEngine/UnityEngine.ContentLoadModule.dll"

-r:"C:/Program Files/Unity/Hub/Editor/2022.3.22f1/Editor/Data/Managed/UnityEngine/UnityEngine.CoreModule.dll"

-r:"C:/Program Files/Unity/Hub/Editor/2022.3.22f1/Editor/Data/Managed/UnityEngine/UnityEngine.CrashReportingModule.dll"

-r:"C:/Program Files/Unity/Hub/Editor/2022.3.22f1/Editor/Data/Managed/UnityEngine/UnityEngine.DirectorModule.dll"

-r:"C:/Program Files/Unity/Hub/Editor/2022.3.22f1/Editor/Data/Managed/UnityEngine/UnityEngine.dll"

-r:"C:/Program Files/Unity/Hub/Editor/2022.3.22f1/Editor/Data/Managed/UnityEngine/UnityEngine.DSPGraphModule.dll"

-r:"C:/Program Files/Unity/Hub/Editor/2022.3.22f1/Editor/Data/Managed/UnityEngine/UnityEngine.GameCenterModule.dll"

-r:"C:/Program Files/Unity/Hub/Editor/2022.3.22f1/Editor/Data/Managed/UnityEngine/UnityEngine.GIModule.dll"

-r:"C:/Program Files/Unity/Hub/Editor/2022.3.22f1/Editor/Data/Managed/UnityEngine/UnityEngine.GridModule.dll"

-r:"C:/Program Files/Unity/Hub/Editor/2022.3.22f1/Editor/Data/Managed/UnityEngine/UnityEngine.HotReloadModule.dll"

-r:"C:/Program Files/Unity/Hub/Editor/2022.3.22f1/Editor/Data/Managed/UnityEngine/UnityEngine.ImageConversionModule.dll"

-r:"C:/Program Files/Unity/Hub/Editor/2022.3.22f1/Editor/Data/Managed/UnityEngine/UnityEngine.IMGUIModule.dll"

-r:"C:/Program Files/Unity/Hub/Editor/2022.3.22f1/Editor/Data/Managed/UnityEngine/UnityEngine.InputLegacyModule.dll"

-r:"C:/Program Files/Unity/Hub/Editor/2022.3.22f1/Editor/Data/Managed/UnityEngine/UnityEngine.InputModule.dll"

-r:"C:/Program Files/Unity/Hub/Editor/2022.3.22f1/Editor/Data/Managed/UnityEngine/UnityEngine.JSONSerializeModule.dll"

-r:"C:/Program Files/Unity/Hub/Editor/2022.3.22f1/Editor/Data/Managed/UnityEngine/UnityEngine.LocalizationModule.dll"

-r:"C:/Program Files/Unity/Hub/Editor/2022.3.22f1/Editor/Data/Managed/UnityEngine/UnityEngine.NVIDIAModule.dll"

-r:"C:/Program Files/Unity/Hub/Editor/2022.3.22f1/Editor/Data/Managed/UnityEngine/UnityEngine.ParticleSystemModule.dll"

-r:"C:/Program Files/Unity/Hub/Editor/2022.3.22f1/Editor/Data/Managed/UnityEngine/UnityEngine.PerformanceReportingModule.dll"

-r:"C:/Program Files/Unity/Hub/Editor/2022.3.22f1/Editor/Data/Managed/UnityEngine/UnityEngine.Physics2DModule.dll"

-r:"C:/Program Files/Unity/Hub/Editor/2022.3.22f1/Editor/Data/Managed/UnityEngine/UnityEngine.PhysicsModule.dll"

-r:"C:/Program Files/Unity/Hub/Editor/2022.3.22f1/Editor/Data/Managed/UnityEngine/UnityEngine.ProfilerModule.dll"

-r:"C:/Program Files/Unity/Hub/Editor/2022.3.22f1/Editor/Data/Managed/UnityEngine/UnityEngine.PropertiesModule.dll"

-r:"C:/Program Files/Unity/Hub/Editor/2022.3.22f1/Editor/Data/Managed/UnityEngine/UnityEngine.RuntimeInitializeOnLoadManagerInitializerModule.dll"

-r:"C:/Program Files/Unity/Hub/Editor/2022.3.22f1/Editor/Data/Managed/UnityEngine/UnityEngine.ScreenCaptureModule.dll"

-r:"C:/Program Files/Unity/Hub/Editor/2022.3.22f1/Editor/Data/Managed/UnityEngine/UnityEngine.SharedInternalsModule.dll"

-r:"C:/Program Files/Unity/Hub/Editor/2022.3.22f1/Editor/Data/Managed/UnityEngine/UnityEngine.SpriteMaskModule.dll"

-r:"C:/Program Files/Unity/Hub/Editor/2022.3.22f1/Editor/Data/Managed/UnityEngine/UnityEngine.SpriteShapeModule.dll"

-r:"C:/Program Files/Unity/Hub/Editor/2022.3.22f1/Editor/Data/Managed/UnityEngine/UnityEngine.StreamingModule.dll"

-r:"C:/Program Files/Unity/Hub/Editor/2022.3.22f1/Editor/Data/Managed/UnityEngine/UnityEngine.SubstanceModule.dll"

-r:"C:/Program Files/Unity/Hub/Editor/2022.3.22f1/Editor/Data/Managed/UnityEngine/UnityEngine.SubsystemsModule.dll"

-r:"C:/Program Files/Unity/Hub/Editor/2022.3.22f1/Editor/Data/Managed/UnityEngine/UnityEngine.TerrainModule.dll"

-r:"C:/Program Files/Unity/Hub/Editor/2022.3.22f1/Editor/Data/Managed/UnityEngine/UnityEngine.TerrainPhysicsModule.dll"

-r:"C:/Program Files/Unity/Hub/Editor/2022.3.22f1/Editor/Data/Managed/UnityEngine/UnityEngine.TextCoreFontEngineModule.dll"

-r:"C:/Program Files/Unity/Hub/Editor/2022.3.22f1/Editor/Data/Managed/UnityEngine/UnityEngine.TextCoreTextEngineModule.dll"

-r:"C:/Program Files/Unity/Hub/Editor/2022.3.22f1/Editor/Data/Managed/UnityEngine/UnityEngine.TextRenderingModule.dll"

-r:"C:/Program Files/Unity/Hub/Editor/2022.3.22f1/Editor/Data/Managed/UnityEngine/UnityEngine.TilemapModule.dll"

-r:"C:/Program Files/Unity/Hub/Editor/2022.3.22f1/Editor/Data/Managed/UnityEngine/UnityEngine.TLSModule.dll"

-r:"C:/Program Files/Unity/Hub/Editor/2022.3.22f1/Editor/Data/Managed/UnityEngine/UnityEngine.UIElementsModule.dll"

-r:"C:/Program Files/Unity/Hub/Editor/2022.3.22f1/Editor/Data/Managed/UnityEngine/UnityEngine.UIModule.dll"

-r:"C:/Program Files/Unity/Hub/Editor/2022.3.22f1/Editor/Data/Managed/UnityEngine/UnityEngine.UmbraModule.dll"

-r:"C:/Program Files/Unity/Hub/Editor/2022.3.22f1/Editor/Data/Managed/UnityEngine/UnityEngine.UnityAnalyticsCommonModule.dll"

-r:"C:/Program Files/Unity/Hub/Editor/2022.3.22f1/Editor/Data/Managed/UnityEngine/UnityEngine.UnityAnalyticsModule.dll"

-r:"C:/Program Files/Unity/Hub/Editor/2022.3.22f1/Editor/Data/Managed/UnityEngine/UnityEngine.UnityConnectModule.dll"

-r:"C:/Program Files/Unity/Hub/Editor/2022.3.22f1/Editor/Data/Managed/UnityEngine/UnityEngine.UnityCurlModule.dll"

-r:"C:/Program Files/Unity/Hub/Editor/2022.3.22f1/Editor/Data/Managed/UnityEngine/UnityEngine.UnityTestProtocolModule.dll"

-r:"C:/Program Files/Unity/Hub/Editor/2022.3.22f1/Editor/Data/Managed/UnityEngine/UnityEngine.UnityWebRequestAssetBundleModule.dll"

-r:"C:/Program Files/Unity/Hub/Editor/2022.3.22f1/Editor/Data/Managed/UnityEngine/UnityEngine.UnityWebRequestAudioModule.dll"

-r:"C:/Program Files/Unity/Hub/Editor/2022.3.22f1/Editor/Data/Managed/UnityEngine/UnityEngine.UnityWebRequestModule.dll"

-r:"C:/Program Files/Unity/Hub/Editor/2022.3.22f1/Editor/Data/Managed/UnityEngine/UnityEngine.UnityWebRequestTextureModule.dll"

-r:"C:/Program Files/Unity/Hub/Editor/2022.3.22f1/Editor/Data/Managed/UnityEngine/UnityEngine.UnityWebRequestWWWModule.dll"

-r:"C:/Program Files/Unity/Hub/Editor/2022.3.22f1/Editor/Data/Managed/UnityEngine/UnityEngine.VehiclesModule.dll"

-r:"C:/Program Files/Unity/Hub/Editor/2022.3.22f1/Editor/Data/Managed/UnityEngine/UnityEngine.VFXModule.dll"

-r:"C:/Program Files/Unity/Hub/Editor/2022.3.22f1/Editor/Data/Managed/UnityEngine/UnityEngine.VideoModule.dll"

-r:"C:/Program Files/Unity/Hub/Editor/2022.3.22f1/Editor/Data/Managed/UnityEngine/UnityEngine.VirtualTexturingModule.dll"

-r:"C:/Program Files/Unity/Hub/Editor/2022.3.22f1/Editor/Data/Managed/UnityEngine/UnityEngine.VRModule.dll"

-r:"C:/Program Files/Unity/Hub/Editor/2022.3.22f1/Editor/Data/Managed/UnityEngine/UnityEngine.WindModule.dll"

-r:"C:/Program Files/Unity/Hub/Editor/2022.3.22f1/Editor/Data/Managed/UnityEngine/UnityEngine.XRModule.dll"

-r:"C:/Program Files/Unity/Hub/Editor/2022.3.22f1/Editor/Data/PlaybackEngines/AndroidPlayer/Unity.Android.Gradle.dll"

-r:"C:/Program Files/Unity/Hub/Editor/2022.3.22f1/Editor/Data/PlaybackEngines/AndroidPlayer/Unity.Android.GradleProject.dll"

-r:"C:/Program Files/Unity/Hub/Editor/2022.3.22f1/Editor/Data/PlaybackEngines/AndroidPlayer/Unity.Android.Types.dll"

-r:"C:/Program Files/Unity/Hub/Editor/2022.3.22f1/Editor/Data/PlaybackEngines/AndroidPlayer/UnityEditor.Android.Extensions.dll"

-r:"C:/Program Files/Unity/Hub/Editor/2022.3.22f1/Editor/Data/PlaybackEngines/AppleTVSupport/UnityEditor.AppleTV.Extensions.dll"

-r:"C:/Program Files/Unity/Hub/Editor/2022.3.22f1/Editor/Data/PlaybackEngines/AppleTVSupport/UnityEditor.iOS.Extensions.Xcode.dll"

-r:"C:/Program Files/Unity/Hub/Editor/2022.3.22f1/Editor/Data/PlaybackEngines/iOSSupport/UnityEditor.iOS.Extensions.Common.dll"

-r:"C:/Program Files/Unity/Hub/Editor/2022.3.22f1/Editor/Data/PlaybackEngines/iOSSupport/UnityEditor.iOS.Extensions.dll"

-r:"C:/Program Files/Unity/Hub/Editor/2022.3.22f1/Editor/Data/PlaybackEngines/iOSSupport/UnityEditor.iOS.Extensions.Xcode.dll"

-r:"C:/Program Files/Unity/Hub/Editor/2022.3.22f1/Editor/Data/PlaybackEngines/LinuxStandaloneSupport/UnityEditor.LinuxStandalone.Extensions.dll"

-r:"C:/Program Files/Unity/Hub/Editor/2022.3.22f1/Editor/Data/PlaybackEngines/MacStandaloneSupport/UnityEditor.iOS.Extensions.Xcode.dll"

-r:"C:/Program Files/Unity/Hub/Editor/2022.3.22f1/Editor/Data/PlaybackEngines/MacStandaloneSupport/UnityEditor.OSXStandalone.Extensions.dll"

-r:"C:/Program Files/Unity/Hub/Editor/2022.3.22f1/Editor/Data/PlaybackEngines/MetroSupport/UnityEditor.UWP.Extensions.dll"

-r:"C:/Program Files/Unity/Hub/Editor/2022.3.22f1/Editor/Data/PlaybackEngines/VisionOSPlayer/UnityEditor.iOS.Extensions.Common.dll"

-r:"C:/Program Files/Unity/Hub/Editor/2022.3.22f1/Editor/Data/PlaybackEngines/VisionOSPlayer/UnityEditor.iOS.Extensions.Xcode.dll"

-r:"C:/Program Files/Unity/Hub/Editor/2022.3.22f1/Editor/Data/PlaybackEngines/VisionOSPlayer/UnityEditor.VisionOS.Extensions.dll"

-r:"C:/Program Files/Unity/Hub/Editor/2022.3.22f1/Editor/Data/PlaybackEngines/WebGLSupport/UnityEditor.WebGL.Extensions.dll"

-r:"C:/Program Files/Unity/Hub/Editor/2022.3.22f1/Editor/Data/PlaybackEngines/WindowsStandaloneSupport/UnityEditor.WindowsStandalone.Extensions.dll"

-r:"C:/Program Files/Unity/Hub/Editor/2022.3.22f1/Editor/Data/UnityReferenceAssemblies/unity-4.8-api/Facades/Microsoft.Win32.Primitives.dll"

-r:"C:/Program Files/Unity/Hub/Editor/2022.3.22f1/Editor/Data/UnityReferenceAssemblies/unity-4.8-api/Facades/netstandard.dll"

-r:"C:/Program Files/Unity/Hub/Editor/2022.3.22f1/Editor/Data/UnityReferenceAssemblies/unity-4.8-api/Facades/System.AppContext.dll"

-r:"C:/Program Files/Unity/Hub/Editor/2022.3.22f1/Editor/Data/UnityReferenceAssemblies/unity-4.8-api/Facades/System.Buffers.dll"

-r:"C:/Program Files/Unity/Hub/Editor/2022.3.22f1/Editor/Data/UnityReferenceAssemblies/unity-4.8-api/Facades/System.Collections.Concurrent.dll"

-r:"C:/Program Files/Unity/Hub/Editor/2022.3.22f1/Editor/Data/UnityReferenceAssemblies/unity-4.8-api/Facades/System.Collections.dll"

-r:"C:/Program Files/Unity/Hub/Editor/2022.3.22f1/Editor/Data/UnityReferenceAssemblies/unity-4.8-api/Facades/System.Collections.NonGeneric.dll"

-r:"C:/Program Files/Unity/Hub/Editor/2022.3.22f1/Editor/Data/UnityReferenceAssemblies/unity-4.8-api/Facades/System.Collections.Specialized.dll"

-r:"C:/Program Files/Unity/Hub/Editor/2022.3.22f1/Editor/Data/UnityReferenceAssemblies/unity-4.8-api/Facades/System.ComponentModel.Annotations.dll"

-r:"C:/Program Files/Unity/Hub/Editor/2022.3.22f1/Editor/Data/UnityReferenceAssemblies/unity-4.8-api/Facades/System.ComponentModel.dll"

-r:"C:/Program Files/Unity/Hub/Editor/2022.3.22f1/Editor/Data/UnityReferenceAssemblies/unity-4.8-api/Facades/System.ComponentModel.EventBasedAsync.dll"

-r:"C:/Program Files/Unity/Hub/Editor/2022.3.22f1/Editor/Data/UnityReferenceAssemblies/unity-4.8-api/Facades/System.ComponentModel.Primitives.dll"

-r:"C:/Program Files/Unity/Hub/Editor/2022.3.22f1/Editor/Data/UnityReferenceAssemblies/unity-4.8-api/Facades/System.ComponentModel.TypeConverter.dll"

-r:"C:/Program Files/Unity/Hub/Editor/2022.3.22f1/Editor/Data/UnityReferenceAssemblies/unity-4.8-api/Facades/System.Console.dll"

-r:"C:/Program Files/Unity/Hub/Editor/2022.3.22f1/Editor/Data/UnityReferenceAssemblies/unity-4.8-api/Facades/System.Data.Common.dll"

-r:"C:/Program Files/Unity/Hub/Editor/2022.3.22f1/Editor/Data/UnityReferenceAssemblies/unity-4.8-api/Facades/System.Diagnostics.Contracts.dll"

-r:"C:/Program Files/Unity/Hub/Editor/2022.3.22f1/Editor/Data/UnityReferenceAssemblies/unity-4.8-api/Facades/System.Diagnostics.Debug.dll"

-r:"C:/Program Files/Unity/Hub/Editor/2022.3.22f1/Editor/Data/UnityReferenceAssemblies/unity-4.8-api/Facades/System.Diagnostics.FileVersionInfo.dll"

-r:"C:/Program Files/Unity/Hub/Editor/2022.3.22f1/Editor/Data/UnityReferenceAssemblies/unity-4.8-api/Facades/System.Diagnostics.Process.dll"

-r:"C:/Program Files/Unity/Hub/Editor/2022.3.22f1/Editor/Data/UnityReferenceAssemblies/unity-4.8-api/Facades/System.Diagnostics.StackTrace.dll"

-r:"C:/Program Files/Unity/Hub/Editor/2022.3.22f1/Editor/Data/UnityReferenceAssemblies/unity-4.8-api/Facades/System.Diagnostics.TextWriterTraceListener.dll"

-r:"C:/Program Files/Unity/Hub/Editor/2022.3.22f1/Editor/Data/UnityReferenceAssemblies/unity-4.8-api/Facades/System.Diagnostics.Tools.dll"

-r:"C:/Program Files/Unity/Hub/Editor/2022.3.22f1/Editor/Data/UnityReferenceAssemblies/unity-4.8-api/Facades/System.Diagnostics.TraceSource.dll"

-r:"C:/Program Files/Unity/Hub/Editor/2022.3.22f1/Editor/Data/UnityReferenceAssemblies/unity-4.8-api/Facades/System.Drawing.Primitives.dll"

-r:"C:/Program Files/Unity/Hub/Editor/2022.3.22f1/Editor/Data/UnityReferenceAssemblies/unity-4.8-api/Facades/System.Dynamic.Runtime.dll"

-r:"C:/Program Files/Unity/Hub/Editor/2022.3.22f1/Editor/Data/UnityReferenceAssemblies/unity-4.8-api/Facades/System.Globalization.Calendars.dll"

-r:"C:/Program Files/Unity/Hub/Editor/2022.3.22f1/Editor/Data/UnityReferenceAssemblies/unity-4.8-api/Facades/System.Globalization.dll"

-r:"C:/Program Files/Unity/Hub/Editor/2022.3.22f1/Editor/Data/UnityReferenceAssemblies/unity-4.8-api/Facades/System.Globalization.Extensions.dll"

-r:"C:/Program Files/Unity/Hub/Editor/2022.3.22f1/Editor/Data/UnityReferenceAssemblies/unity-4.8-api/Facades/System.IO.Compression.ZipFile.dll"

-r:"C:/Program Files/Unity/Hub/Editor/2022.3.22f1/Editor/Data/UnityReferenceAssemblies/unity-4.8-api/Facades/System.IO.dll"

-r:"C:/Program Files/Unity/Hub/Editor/2022.3.22f1/Editor/Data/UnityReferenceAssemblies/unity-4.8-api/Facades/System.IO.FileSystem.dll"

-r:"C:/Program Files/Unity/Hub/Editor/2022.3.22f1/Editor/Data/UnityReferenceAssemblies/unity-4.8-api/Facades/System.IO.FileSystem.DriveInfo.dll"

-r:"C:/Program Files/Unity/Hub/Editor/2022.3.22f1/Editor/Data/UnityReferenceAssemblies/unity-4.8-api/Facades/System.IO.FileSystem.Primitives.dll"

-r:"C:/Program Files/Unity/Hub/Editor/2022.3.22f1/Editor/Data/UnityReferenceAssemblies/unity-4.8-api/Facades/System.IO.FileSystem.Watcher.dll"

-r:"C:/Program Files/Unity/Hub/Editor/2022.3.22f1/Editor/Data/UnityReferenceAssemblies/unity-4.8-api/Facades/System.IO.IsolatedStorage.dll"

-r:"C:/Program Files/Unity/Hub/Editor/2022.3.22f1/Editor/Data/UnityReferenceAssemblies/unity-4.8-api/Facades/System.IO.MemoryMappedFiles.dll"

-r:"C:/Program Files/Unity/Hub/Editor/2022.3.22f1/Editor/Data/UnityReferenceAssemblies/unity-4.8-api/Facades/System.IO.Pipes.dll"

-r:"C:/Program Files/Unity/Hub/Editor/2022.3.22f1/Editor/Data/UnityReferenceAssemblies/unity-4.8-api/Facades/System.IO.UnmanagedMemoryStream.dll"

-r:"C:/Program Files/Unity/Hub/Editor/2022.3.22f1/Editor/Data/UnityReferenceAssemblies/unity-4.8-api/Facades/System.Linq.dll"

-r:"C:/Program Files/Unity/Hub/Editor/2022.3.22f1/Editor/Data/UnityReferenceAssemblies/unity-4.8-api/Facades/System.Linq.Expressions.dll"

-r:"C:/Program Files/Unity/Hub/Editor/2022.3.22f1/Editor/Data/UnityReferenceAssemblies/unity-4.8-api/Facades/System.Linq.Parallel.dll"

-r:"C:/Program Files/Unity/Hub/Editor/2022.3.22f1/Editor/Data/UnityReferenceAssemblies/unity-4.8-api/Facades/System.Linq.Queryable.dll"

-r:"C:/Program Files/Unity/Hub/Editor/2022.3.22f1/Editor/Data/UnityReferenceAssemblies/unity-4.8-api/Facades/System.Memory.dll"

-r:"C:/Program Files/Unity/Hub/Editor/2022.3.22f1/Editor/Data/UnityReferenceAssemblies/unity-4.8-api/Facades/System.Net.Http.Rtc.dll"

-r:"C:/Program Files/Unity/Hub/Editor/2022.3.22f1/Editor/Data/UnityReferenceAssemblies/unity-4.8-api/Facades/System.Net.NameResolution.dll"

-r:"C:/Program Files/Unity/Hub/Editor/2022.3.22f1/Editor/Data/UnityReferenceAssemblies/unity-4.8-api/Facades/System.Net.NetworkInformation.dll"

-r:"C:/Program Files/Unity/Hub/Editor/2022.3.22f1/Editor/Data/UnityReferenceAssemblies/unity-4.8-api/Facades/System.Net.Ping.dll"

-r:"C:/Program Files/Unity/Hub/Editor/2022.3.22f1/Editor/Data/UnityReferenceAssemblies/unity-4.8-api/Facades/System.Net.Primitives.dll"

-r:"C:/Program Files/Unity/Hub/Editor/2022.3.22f1/Editor/Data/UnityReferenceAssemblies/unity-4.8-api/Facades/System.Net.Requests.dll"

-r:"C:/Program Files/Unity/Hub/Editor/2022.3.22f1/Editor/Data/UnityReferenceAssemblies/unity-4.8-api/Facades/System.Net.Security.dll"

-r:"C:/Program Files/Unity/Hub/Editor/2022.3.22f1/Editor/Data/UnityReferenceAssemblies/unity-4.8-api/Facades/System.Net.Sockets.dll"

-r:"C:/Program Files/Unity/Hub/Editor/2022.3.22f1/Editor/Data/UnityReferenceAssemblies/unity-4.8-api/Facades/System.Net.WebHeaderCollection.dll"

-r:"C:/Program Files/Unity/Hub/Editor/2022.3.22f1/Editor/Data/UnityReferenceAssemblies/unity-4.8-api/Facades/System.Net.WebSockets.Client.dll"

-r:"C:/Program Files/Unity/Hub/Editor/2022.3.22f1/Editor/Data/UnityReferenceAssemblies/unity-4.8-api/Facades/System.Net.WebSockets.dll"

-r:"C:/Program Files/Unity/Hub/Editor/2022.3.22f1/Editor/Data/UnityReferenceAssemblies/unity-4.8-api/Facades/System.ObjectModel.dll"

-r:"C:/Program Files/Unity/Hub/Editor/2022.3.22f1/Editor/Data/UnityReferenceAssemblies/unity-4.8-api/Facades/System.Reflection.DispatchProxy.dll"

-r:"C:/Program Files/Unity/Hub/Editor/2022.3.22f1/Editor/Data/UnityReferenceAssemblies/unity-4.8-api/Facades/System.Reflection.dll"

-r:"C:/Program Files/Unity/Hub/Editor/2022.3.22f1/Editor/Data/UnityReferenceAssemblies/unity-4.8-api/Facades/System.Reflection.Emit.dll"

-r:"C:/Program Files/Unity/Hub/Editor/2022.3.22f1/Editor/Data/UnityReferenceAssemblies/unity-4.8-api/Facades/System.Reflection.Emit.ILGeneration.dll"

-r:"C:/Program Files/Unity/Hub/Editor/2022.3.22f1/Editor/Data/UnityReferenceAssemblies/unity-4.8-api/Facades/System.Reflection.Emit.Lightweight.dll"

-r:"C:/Program Files/Unity/Hub/Editor/2022.3.22f1/Editor/Data/UnityReferenceAssemblies/unity-4.8-api/Facades/System.Reflection.Extensions.dll"

-r:"C:/Program Files/Unity/Hub/Editor/2022.3.22f1/Editor/Data/UnityReferenceAssemblies/unity-4.8-api/Facades/System.Reflection.Primitives.dll"

-r:"C:/Program Files/Unity/Hub/Editor/2022.3.22f1/Editor/Data/UnityReferenceAssemblies/unity-4.8-api/Facades/System.Resources.Reader.dll"

-r:"C:/Program Files/Unity/Hub/Editor/2022.3.22f1/Editor/Data/UnityReferenceAssemblies/unity-4.8-api/Facades/System.Resources.ResourceManager.dll"

-r:"C:/Program Files/Unity/Hub/Editor/2022.3.22f1/Editor/Data/UnityReferenceAssemblies/unity-4.8-api/Facades/System.Resources.Writer.dll"

-r:"C:/Program Files/Unity/Hub/Editor/2022.3.22f1/Editor/Data/UnityReferenceAssemblies/unity-4.8-api/Facades/System.Runtime.CompilerServices.VisualC.dll"

-r:"C:/Program Files/Unity/Hub/Editor/2022.3.22f1/Editor/Data/UnityReferenceAssemblies/unity-4.8-api/Facades/System.Runtime.dll"

-r:"C:/Program Files/Unity/Hub/Editor/2022.3.22f1/Editor/Data/UnityReferenceAssemblies/unity-4.8-api/Facades/System.Runtime.Extensions.dll"

-r:"C:/Program Files/Unity/Hub/Editor/2022.3.22f1/Editor/Data/UnityReferenceAssemblies/unity-4.8-api/Facades/System.Runtime.Handles.dll"

-r:"C:/Program Files/Unity/Hub/Editor/2022.3.22f1/Editor/Data/UnityReferenceAssemblies/unity-4.8-api/Facades/System.Runtime.InteropServices.dll"

-r:"C:/Program Files/Unity/Hub/Editor/2022.3.22f1/Editor/Data/UnityReferenceAssemblies/unity-4.8-api/Facades/System.Runtime.InteropServices.RuntimeInformation.dll"

-r:"C:/Program Files/Unity/Hub/Editor/2022.3.22f1/Editor/Data/UnityReferenceAssemblies/unity-4.8-api/Facades/System.Runtime.InteropServices.WindowsRuntime.dll"

-r:"C:/Program Files/Unity/Hub/Editor/2022.3.22f1/Editor/Data/UnityReferenceAssemblies/unity-4.8-api/Facades/System.Runtime.Numerics.dll"

-r:"C:/Program Files/Unity/Hub/Editor/2022.3.22f1/Editor/Data/UnityReferenceAssemblies/unity-4.8-api/Facades/System.Runtime.Serialization.Formatters.dll"

-r:"C:/Program Files/Unity/Hub/Editor/2022.3.22f1/Editor/Data/UnityReferenceAssemblies/unity-4.8-api/Facades/System.Runtime.Serialization.Json.dll"

-r:"C:/Program Files/Unity/Hub/Editor/2022.3.22f1/Editor/Data/UnityReferenceAssemblies/unity-4.8-api/Facades/System.Runtime.Serialization.Primitives.dll"

-r:"C:/Program Files/Unity/Hub/Editor/2022.3.22f1/Editor/Data/UnityReferenceAssemblies/unity-4.8-api/Facades/System.Runtime.Serialization.Xml.dll"

-r:"C:/Program Files/Unity/Hub/Editor/2022.3.22f1/Editor/Data/UnityReferenceAssemblies/unity-4.8-api/Facades/System.Security.Claims.dll"

-r:"C:/Program Files/Unity/Hub/Editor/2022.3.22f1/Editor/Data/UnityReferenceAssemblies/unity-4.8-api/Facades/System.Security.Cryptography.Algorithms.dll"

-r:"C:/Program Files/Unity/Hub/Editor/2022.3.22f1/Editor/Data/UnityReferenceAssemblies/unity-4.8-api/Facades/System.Security.Cryptography.Csp.dll"

-r:"C:/Program Files/Unity/Hub/Editor/2022.3.22f1/Editor/Data/UnityReferenceAssemblies/unity-4.8-api/Facades/System.Security.Cryptography.Encoding.dll"

-r:"C:/Program Files/Unity/Hub/Editor/2022.3.22f1/Editor/Data/UnityReferenceAssemblies/unity-4.8-api/Facades/System.Security.Cryptography.Primitives.dll"

-r:"C:/Program Files/Unity/Hub/Editor/2022.3.22f1/Editor/Data/UnityReferenceAssemblies/unity-4.8-api/Facades/System.Security.Cryptography.X509Certificates.dll"

-r:"C:/Program Files/Unity/Hub/Editor/2022.3.22f1/Editor/Data/UnityReferenceAssemblies/unity-4.8-api/Facades/System.Security.Principal.dll"

-r:"C:/Program Files/Unity/Hub/Editor/2022.3.22f1/Editor/Data/UnityReferenceAssemblies/unity-4.8-api/Facades/System.Security.SecureString.dll"

-r:"C:/Program Files/Unity/Hub/Editor/2022.3.22f1/Editor/Data/UnityReferenceAssemblies/unity-4.8-api/Facades/System.ServiceModel.Duplex.dll"

-r:"C:/Program Files/Unity/Hub/Editor/2022.3.22f1/Editor/Data/UnityReferenceAssemblies/unity-4.8-api/Facades/System.ServiceModel.Http.dll"

-r:"C:/Program Files/Unity/Hub/Editor/2022.3.22f1/Editor/Data/UnityReferenceAssemblies/unity-4.8-api/Facades/System.ServiceModel.NetTcp.dll"

-r:"C:/Program Files/Unity/Hub/Editor/2022.3.22f1/Editor/Data/UnityReferenceAssemblies/unity-4.8-api/Facades/System.ServiceModel.Primitives.dll"

-r:"C:/Program Files/Unity/Hub/Editor/2022.3.22f1/Editor/Data/UnityReferenceAssemblies/unity-4.8-api/Facades/System.ServiceModel.Security.dll"

-r:"C:/Program Files/Unity/Hub/Editor/2022.3.22f1/Editor/Data/UnityReferenceAssemblies/unity-4.8-api/Facades/System.Text.Encoding.dll"

-r:"C:/Program Files/Unity/Hub/Editor/2022.3.22f1/Editor/Data/UnityReferenceAssemblies/unity-4.8-api/Facades/System.Text.Encoding.Extensions.dll"

-r:"C:/Program Files/Unity/Hub/Editor/2022.3.22f1/Editor/Data/UnityReferenceAssemblies/unity-4.8-api/Facades/System.Text.RegularExpressions.dll"

-r:"C:/Program Files/Unity/Hub/Editor/2022.3.22f1/Editor/Data/UnityReferenceAssemblies/unity-4.8-api/Facades/System.Threading.dll"

-r:"C:/Program Files/Unity/Hub/Editor/2022.3.22f1/Editor/Data/UnityReferenceAssemblies/unity-4.8-api/Facades/System.Threading.Overlapped.dll"

-r:"C:/Program Files/Unity/Hub/Editor/2022.3.22f1/Editor/Data/UnityReferenceAssemblies/unity-4.8-api/Facades/System.Threading.Tasks.dll"

-r:"C:/Program Files/Unity/Hub/Editor/2022.3.22f1/Editor/Data/UnityReferenceAssemblies/unity-4.8-api/Facades/System.Threading.Tasks.Extensions.dll"

-r:"C:/Program Files/Unity/Hub/Editor/2022.3.22f1/Editor/Data/UnityReferenceAssemblies/unity-4.8-api/Facades/System.Threading.Tasks.Parallel.dll"

-r:"C:/Program Files/Unity/Hub/Editor/2022.3.22f1/Editor/Data/UnityReferenceAssemblies/unity-4.8-api/Facades/System.Threading.Thread.dll"

-r:"C:/Program Files/Unity/Hub/Editor/2022.3.22f1/Editor/Data/UnityReferenceAssemblies/unity-4.8-api/Facades/System.Threading.ThreadPool.dll"

-r:"C:/Program Files/Unity/Hub/Editor/2022.3.22f1/Editor/Data/UnityReferenceAssemblies/unity-4.8-api/Facades/System.Threading.Timer.dll"

-r:"C:/Program Files/Unity/Hub/Editor/2022.3.22f1/Editor/Data/UnityReferenceAssemblies/unity-4.8-api/Facades/System.ValueTuple.dll"

-r:"C:/Program Files/Unity/Hub/Editor/2022.3.22f1/Editor/Data/UnityReferenceAssemblies/unity-4.8-api/Facades/System.Xml.ReaderWriter.dll"

-r:"C:/Program Files/Unity/Hub/Editor/2022.3.22f1/Editor/Data/UnityReferenceAssemblies/unity-4.8-api/Facades/System.Xml.XDocument.dll"

-r:"C:/Program Files/Unity/Hub/Editor/2022.3.22f1/Editor/Data/UnityReferenceAssemblies/unity-4.8-api/Facades/System.Xml.XmlDocument.dll"

-r:"C:/Program Files/Unity/Hub/Editor/2022.3.22f1/Editor/Data/UnityReferenceAssemblies/unity-4.8-api/Facades/System.Xml.XmlSerializer.dll"

-r:"C:/Program Files/Unity/Hub/Editor/2022.3.22f1/Editor/Data/UnityReferenceAssemblies/unity-4.8-api/Facades/System.Xml.XPath.dll"

-r:"C:/Program Files/Unity/Hub/Editor/2022.3.22f1/Editor/Data/UnityReferenceAssemblies/unity-4.8-api/Facades/System.Xml.XPath.XDocument.dll"

-r:"C:/Program Files/Unity/Hub/Editor/2022.3.22f1/Editor/Data/UnityReferenceAssemblies/unity-4.8-api/Microsoft.CSharp.dll"

-r:"C:/Program Files/Unity/Hub/Editor/2022.3.22f1/Editor/Data/UnityReferenceAssemblies/unity-4.8-api/mscorlib.dll"

-r:"C:/Program Files/Unity/Hub/Editor/2022.3.22f1/Editor/Data/UnityReferenceAssemblies/unity-4.8-api/System.ComponentModel.Composition.dll"

-r:"C:/Program Files/Unity/Hub/Editor/2022.3.22f1/Editor/Data/UnityReferenceAssemblies/unity-4.8-api/System.Core.dll"

-r:"C:/Program Files/Unity/Hub/Editor/2022.3.22f1/Editor/Data/UnityReferenceAssemblies/unity-4.8-api/System.Data.DataSetExtensions.dll"

-r:"C:/Program Files/Unity/Hub/Editor/2022.3.22f1/Editor/Data/UnityReferenceAssemblies/unity-4.8-api/System.Data.dll"

-r:"C:/Program Files/Unity/Hub/Editor/2022.3.22f1/Editor/Data/UnityReferenceAssemblies/unity-4.8-api/System.dll"

-r:"C:/Program Files/Unity/Hub/Editor/2022.3.22f1/Editor/Data/UnityReferenceAssemblies/unity-4.8-api/System.Drawing.dll"

-r:"C:/Program Files/Unity/Hub/Editor/2022.3.22f1/Editor/Data/UnityReferenceAssemblies/unity-4.8-api/System.IO.Compression.dll"

-r:"C:/Program Files/Unity/Hub/Editor/2022.3.22f1/Editor/Data/UnityReferenceAssemblies/unity-4.8-api/System.IO.Compression.FileSystem.dll"

-r:"C:/Program Files/Unity/Hub/Editor/2022.3.22f1/Editor/Data/UnityReferenceAssemblies/unity-4.8-api/System.Net.Http.dll"

-r:"C:/Program Files/Unity/Hub/Editor/2022.3.22f1/Editor/Data/UnityReferenceAssemblies/unity-4.8-api/System.Numerics.dll"

-r:"C:/Program Files/Unity/Hub/Editor/2022.3.22f1/Editor/Data/UnityReferenceAssemblies/unity-4.8-api/System.Numerics.Vectors.dll"

-r:"C:/Program Files/Unity/Hub/Editor/2022.3.22f1/Editor/Data/UnityReferenceAssemblies/unity-4.8-api/System.Runtime.Serialization.dll"

-r:"C:/Program Files/Unity/Hub/Editor/2022.3.22f1/Editor/Data/UnityReferenceAssemblies/unity-4.8-api/System.Transactions.dll"

-r:"C:/Program Files/Unity/Hub/Editor/2022.3.22f1/Editor/Data/UnityReferenceAssemblies/unity-4.8-api/System.Xml.dll"

-r:"C:/Program Files/Unity/Hub/Editor/2022.3.22f1/Editor/Data/UnityReferenceAssemblies/unity-4.8-api/System.Xml.Linq.dll"

-r:"Library/PackageCache/com.unity.analytics@3.8.1/AnalyticsStandardEvents/Unity.Analytics.StandardEvents.dll"

-r:"Library/PackageCache/com.unity.analytics@3.8.1/Unity.Analytics.Editor.dll"

-r:"Library/PackageCache/com.unity.analytics@3.8.1/Unity.Analytics.Tracker.dll"

-r:"Library/PackageCache/com.unity.collab-proxy@2.3.1/Lib/Editor/PlasticSCM/log4netPlastic.dll"

-r:"Library/PackageCache/com.unity.collab-proxy@2.3.1/Lib/Editor/PlasticSCM/Unity.Plastic.Antlr3.Runtime.dll"

-r:"Library/PackageCache/com.unity.collab-proxy@2.3.1/Lib/Editor/PlasticSCM/Unity.Plastic.Newtonsoft.Json.dll"

-r:"Library/PackageCache/com.unity.collab-proxy@2.3.1/Lib/Editor/PlasticSCM/unityplastic.dll"

-r:"Library/PackageCache/com.unity.ext.nunit@1.0.6/net35/unity-custom/nunit.framework.dll"

-r:"Library/PackageCache/com.unity.nuget.newtonsoft-json@3.2.1/Runtime/Newtonsoft.Json.dll"

-r:"Library/Bee/artifacts/1900b0aE.dag/lilToon.PCSS.Runtime.ref.dll"

-r:"Library/Bee/artifacts/1900b0aE.dag/UnityEditor.TestRunner.ref.dll"

-r:"Library/Bee/artifacts/1900b0aE.dag/UnityEditor.UI.ref.dll"

-r:"Library/Bee/artifacts/1900b0aE.dag/UnityEngine.TestRunner.ref.dll"

-r:"Library/Bee/artifacts/1900b0aE.dag/UnityEngine.UI.ref.dll"

-analyzer:"C:/Program Files/Unity/Hub/Editor/2022.3.22f1/Editor/Data/Tools/Unity.SourceGenerators/Unity.Properties.SourceGenerator.dll"

-analyzer:"C:/Program Files/Unity/Hub/Editor/2022.3.22f1/Editor/Data/Tools/Unity.SourceGenerators/Unity.SourceGenerators.dll"

"Assets/Editor/AdvancedLilToonModularAvatarGUI.cs"

"Assets/Editor/AdvancedMaskSystem.cs"

"Assets/Editor/AdvancedPCSSMenuSystem.cs"

"Assets/Editor/AutomatedMaterialBackup.cs"

"Assets/Editor/AvatarSelectorMenu.cs"

"Assets/Editor/CompetitiveFeatureImplementation.cs"

"Assets/Editor/CompetitorSetupWizard.cs"

"Assets/Editor/CompilationChecker.cs"

"Assets/Editor/ErrorHandler.cs"

"Assets/Editor/ExternalLightManager.cs"

"Assets/Editor/LilToonPCSSExtensionInitializer.cs"

"Assets/Editor/LilToonPCSSMaterialUpgrader.cs"

"Assets/Editor/LilToonPCSSShaderGUI.cs"

"Assets/Editor/MaterialBackup.cs"

"Assets/Editor/MaterialSessionRestorer.cs"

"Assets/Editor/MaterialUpgrader.cs"

"Assets/Editor/MenuNameRefactorTool.cs"

"Assets/Editor/MissingMaterialAutoFixer.cs"

"Assets/Editor/ModularAvatarLightControl.cs"

"Assets/Editor/ModularAvatarLightToggleMenu.cs"

"Assets/Editor/OneClickSetupWizard.cs"

"Assets/Editor/PackageExporter.cs"

"Assets/Editor/PCSSMenuSystem.cs"

"Assets/Editor/PCSSPresetManager.cs"

"Assets/Editor/PerformanceOptimizer.cs"

"Assets/Editor/PerformanceOptimizerMenu.cs"

"Assets/Editor/PhysBoneColliderCreator.cs"

"Assets/Editor/PoiyomiPCSSShaderGUI.cs"

"Assets/Editor/RunExporter.cs"

"Assets/Editor/ShaderAutoConverter.cs"

"Assets/Editor/ShaderCompilationOptimizer.cs"

"Assets/Editor/VRChatExpressionMenuCreator.cs"

"Assets/Editor/VRChatMaterialBackup.cs"

"Assets/Editor/VRChatOptimizationSettings.cs"

"Assets/Editor/VRChatUploadAutoBackup.cs"

"Assets/Editor/VRCLightVolumesEditor.cs"

"Assets/Editor/VRCLVRimLightGUI.cs"

-langversion:9.0



/deterministic

/optimize+

/debug:portable

/nologo

/RuntimeMetadataVersion:v4.0.30319



/nowarn:0169

/nowarn:0649

/nowarn:0282

/nowarn:1701

/nowarn:1702

/utf8output

/preferreduilang:en-US







/additionalfile:"Library/Bee/artifacts/1900b0aE.dag/lilToon.PCSS.Editor.UnityAdditionalFile.txt"
##### Custom Environment Variables
DOTNET_MULTILEVEL_LOOKUP=0
##### ExitCode
1
##### Output
Assets\Editor\MissingMaterialAutoFixer.cs(7,7): error CS0246: The type or namespace name 'VRC' could not be found (are you missing a using directive or an assembly reference?)

Assets\Editor\ModularAvatarLightControl.cs(4,7): error CS0246: The type or namespace name 'VRC' could not be found (are you missing a using directive or an assembly reference?)

Assets\Editor\ModularAvatarLightControl.cs(5,7): error CS0246: The type or namespace name 'VRC' could not be found (are you missing a using directive or an assembly reference?)

Assets\Editor\VRChatMaterialBackup.cs(7,7): error CS0246: The type or namespace name 'VRC' could not be found (are you missing a using directive or an assembly reference?)

Assets\Editor\VRChatMaterialBackup.cs(8,7): error CS0246: The type or namespace name 'VRC' could not be found (are you missing a using directive or an assembly reference?)

Assets\Editor\VRChatUploadAutoBackup.cs(7,7): error CS0246: The type or namespace name 'VRC' could not be found (are you missing a using directive or an assembly reference?)

Assets\Editor\VRChatUploadAutoBackup.cs(8,7): error CS0246: The type or namespace name 'VRC' could not be found (are you missing a using directive or an assembly reference?)

Assets\Editor\VRChatUploadAutoBackup.cs(9,7): error CS0246: The type or namespace name 'VRC' could not be found (are you missing a using directive or an assembly reference?)

Assets\Editor\VRChatUploadAutoBackup.cs(10,7): error CS0246: The type or namespace name 'VRC' could not be found (are you missing a using directive or an assembly reference?)

Assets\Editor\LilToonPCSSExtensionInitializer.cs(15,19): error CS0103: The name 'MenuConstants' does not exist in the current context

Assets\Editor\LilToonPCSSExtensionInitializer.cs(15,66): error CS0103: The name 'MenuConstants' does not exist in the current context

Assets\Editor\ModularAvatarLightToggleMenu.cs(313,46): error CS0246: The type or namespace name 'AnimatorStateMachine' could not be found (are you missing a using directive or an assembly reference?)

Assets\Editor\LilToonPCSSExtensionInitializer.cs(23,19): error CS0103: The name 'MenuConstants' does not exist in the current context

Assets\Editor\LilToonPCSSExtensionInitializer.cs(23,58): error CS0103: The name 'MenuConstants' does not exist in the current context

Assets\Editor\VRChatMaterialBackup.cs(23,17): error CS0246: The type or namespace name 'VRCAvatarDescriptor' could not be found (are you missing a using directive or an assembly reference?)

Assets\Editor\LilToonPCSSExtensionInitializer.cs(29,19): error CS0103: The name 'MenuConstants' does not exist in the current context

Assets\Editor\LilToonPCSSExtensionInitializer.cs(29,57): error CS0103: The name 'MenuConstants' does not exist in the current context

Assets\Editor\ModularAvatarLightToggleMenu.cs(15,19): error CS0103: The name 'MenuConstants' does not exist in the current context

Assets\Editor\ModularAvatarLightToggleMenu.cs(15,62): error CS0103: The name 'MenuConstants' does not exist in the current context

Assets\Editor\LilToonPCSSExtensionInitializer.cs(35,19): error CS0103: The name 'MenuConstants' does not exist in the current context

Assets\Editor\LilToonPCSSExtensionInitializer.cs(35,58): error CS0103: The name 'MenuConstants' does not exist in the current context

Assets\Editor\ModularAvatarLightToggleMenu.cs(201,19): error CS0103: The name 'MenuConstants' does not exist in the current context

Assets\Editor\ModularAvatarLightToggleMenu.cs(201,78): error CS0103: The name 'MenuConstants' does not exist in the current context

Assets\Editor\LilToonPCSSExtensionInitializer.cs(42,19): error CS0103: The name 'MenuConstants' does not exist in the current context

Assets\Editor\LilToonPCSSExtensionInitializer.cs(42,61): error CS0103: The name 'MenuConstants' does not exist in the current context

Assets\Editor\LilToonPCSSExtensionInitializer.cs(48,19): error CS0103: The name 'MenuConstants' does not exist in the current context

Assets\Editor\LilToonPCSSExtensionInitializer.cs(48,89): error CS0103: The name 'MenuConstants' does not exist in the current context

Assets\Editor\LilToonPCSSExtensionInitializer.cs(54,19): error CS0103: The name 'MenuConstants' does not exist in the current context

Assets\Editor\LilToonPCSSExtensionInitializer.cs(54,91): error CS0103: The name 'MenuConstants' does not exist in the current context

Assets\Editor\LilToonPCSSExtensionInitializer.cs(60,19): error CS0103: The name 'MenuConstants' does not exist in the current context

Assets\Editor\LilToonPCSSExtensionInitializer.cs(60,58): error CS0103: The name 'MenuConstants' does not exist in the current context

Assets\Editor\LilToonPCSSExtensionInitializer.cs(67,19): error CS0103: The name 'MenuConstants' does not exist in the current context

Assets\Editor\LilToonPCSSExtensionInitializer.cs(67,58): error CS0103: The name 'MenuConstants' does not exist in the current context

Assets\Editor\LilToonPCSSExtensionInitializer.cs(73,19): error CS0103: The name 'MenuConstants' does not exist in the current context

Assets\Editor\LilToonPCSSExtensionInitializer.cs(73,54): error CS0103: The name 'MenuConstants' does not exist in the current context

Assets\Editor\LilToonPCSSExtensionInitializer.cs(79,19): error CS0103: The name 'MenuConstants' does not exist in the current context

Assets\Editor\LilToonPCSSExtensionInitializer.cs(79,58): error CS0103: The name 'MenuConstants' does not exist in the current context

Assets\Editor\LilToonPCSSExtensionInitializer.cs(85,19): error CS0103: The name 'MenuConstants' does not exist in the current context

Assets\Editor\LilToonPCSSExtensionInitializer.cs(85,57): error CS0103: The name 'MenuConstants' does not exist in the current context

Assets\Editor\LilToonPCSSExtensionInitializer.cs(91,19): error CS0103: The name 'MenuConstants' does not exist in the current context

Assets\Editor\LilToonPCSSExtensionInitializer.cs(91,53): error CS0103: The name 'MenuConstants' does not exist in the current context

Assets\Editor\LilToonPCSSExtensionInitializer.cs(98,19): error CS0103: The name 'MenuConstants' does not exist in the current context

Assets\Editor\LilToonPCSSExtensionInitializer.cs(98,65): error CS0103: The name 'MenuConstants' does not exist in the current context

Assets\Editor\LilToonPCSSExtensionInitializer.cs(104,19): error CS0103: The name 'MenuConstants' does not exist in the current context

Assets\Editor\LilToonPCSSExtensionInitializer.cs(104,62): error CS0103: The name 'MenuConstants' does not exist in the current context

Assets\Editor\LilToonPCSSExtensionInitializer.cs(110,19): error CS0103: The name 'MenuConstants' does not exist in the current context

Assets\Editor\LilToonPCSSExtensionInitializer.cs(110,66): error CS0103: The name 'MenuConstants' does not exist in the current context

Assets\Editor\LilToonPCSSExtensionInitializer.cs(117,19): error CS0103: The name 'MenuConstants' does not exist in the current context

Assets\Editor\LilToonPCSSExtensionInitializer.cs(117,52): error CS0103: The name 'MenuConstants' does not exist in the current context

Assets\Editor\LilToonPCSSExtensionInitializer.cs(123,19): error CS0103: The name 'MenuConstants' does not exist in the current context

Assets\Editor\LilToonPCSSExtensionInitializer.cs(123,60): error CS0103: The name 'MenuConstants' does not exist in the current context

Assets\Editor\LilToonPCSSExtensionInitializer.cs(129,19): error CS0103: The name 'MenuConstants' does not exist in the current context

Assets\Editor\LilToonPCSSExtensionInitializer.cs(129,59): error CS0103: The name 'MenuConstants' does not exist in the current context

Assets\Editor\LilToonPCSSExtensionInitializer.cs(135,19): error CS0103: The name 'MenuConstants' does not exist in the current context

Assets\Editor\LilToonPCSSExtensionInitializer.cs(135,60): error CS0103: The name 'MenuConstants' does not exist in the current context
*** Tundra requires additional run (5.81 seconds), 2 items updated, 650 evaluated
Starting: C:\Program Files\Unity\Hub\Editor\2022.3.22f1\Editor\Data\Tools\netcorerun\netcorerun.exe "C:\Program Files\Unity\Hub\Editor\2022.3.22f1\Editor\Data\Tools\BuildPipeline\ScriptCompilationBuildProgram.exe" "Library/Bee/1900b0aE.dag.json" "Library/Bee/1900b0aE-inputdata.json" "Library\Bee\buildprogram0.traceevents"
WorkingDir: C:/Users/downl/Desktop/LilToon-PCSS-extension/liltoon-pcss-extension
ExitCode: 0 Duration: 1s959ms
Starting: C:\Program Files\Unity\Hub\Editor\2022.3.22f1\Editor\Data\bee_backend.exe --dont-print-to-structured-log --ipc --defer-dag-verification --dagfile="Library/Bee/1900b0aE.dag" --continue-on-failure --dagfilejson="Library\Bee\1900b0aE.dag.json" --profile="Library/Bee/backend2.traceevents" ScriptAssemblies
WorkingDir: C:/Users/downl/Desktop/LilToon-PCSS-extension/liltoon-pcss-extension
ExitCode: 3 Duration: 22s
Finished compiling graph: 1000 nodes, 15293 flattened edges (12617 ToBuild, 164 ToUse), maximum node priority 931
[132/996    0s] WriteText Library/Bee/artifacts/1900b0aE.dag/Unity.Burst.rsp2
[133/996    0s] WriteText Library/Bee/artifacts/1900b0aE.dag/Unity.Burst.UnityAdditionalFile.txt
[137/996    0s] WriteText Library/Bee/artifacts/1900b0aE.dag/Unity.Burst.dll.mvfrm.rsp
[138/996    0s] WriteText Library/Bee/artifacts/1900b0aE.dag/Unity.Burst.CodeGen.UnityAdditionalFile.txt
[142/996    0s] WriteText Library/Bee/artifacts/1900b0aE.dag/Unity.Burst.CodeGen.dll.mvfrm.rsp
[144/996    0s] WriteText Library/Bee/artifacts/1900b0aE.dag/Unity.Burst.CodeGen.rsp
[147/996    0s] WriteText Library/Bee/artifacts/1900b0aE.dag/Unity.Burst.CodeGen.rsp2
[150/996    0s] WriteText Library/Bee/artifacts/1900b0aE.dag/Unity.RenderPipelines.Core.Runtime.UnityAdditionalFile.txt
[156/996    0s] WriteText Library/Bee/artifacts/1900b0aE.dag/Unity.RenderPipelines.Core.Runtime.rsp2
[165/996    0s] WriteText Library/Bee/artifacts/1900b0aE.dag/Unity.RenderPipelines.Core.Runtime.dll.mvfrm.rsp
[170/996    0s] WriteText Library/Bee/artifacts/1900b0aE.dag/Unity.Mathematics.UnityAdditionalFile.txt
[173/996    0s] WriteText Library/Bee/artifacts/1900b0aE.dag/Unity.RenderPipelines.Core.Runtime.rsp
[176/996    0s] WriteResponseFile Library/Bee/artifacts/rsp/4747638433968585886.rsp
[177/996    0s] WriteText Library/Bee/artifacts/1900b0aE.dag/Unity.Mathematics.rsp2
[179/996    0s] WriteText Library/Bee/artifacts/1900b0aE.dag/Unity.RenderPipelines.Universal.Config.Runtime.UnityAdditionalFile.txt
[180/996    0s] WriteText Library/Bee/artifacts/1900b0aE.dag/Unity.RenderPipeline.Universal.ShaderLibrary.UnityAdditionalFile.txt
[199/996    0s] WriteText Library/Bee/artifacts/1900b0aE.dag/Unity.RenderPipelines.Universal.Config.Runtime.rsp2
[200/996    0s] WriteText Library/Bee/artifacts/1900b0aE.dag/Unity.Burst.rsp
[201/996    0s] WriteText Library/Bee/artifacts/1900b0aE.dag/UnityEngine.UI.rsp
[202/996    0s] WriteText Library/Bee/artifacts/1900b0aE.dag/Unity.RenderPipeline.Universal.ShaderLibrary.rsp2
[208/996    0s] WriteText Library/Bee/artifacts/1900b0aE.dag/Unity.Mathematics.rsp
[209/996    0s] WriteText Library/Bee/artifacts/1900b0aE.dag/Unity.RenderPipeline.Universal.ShaderLibrary.dll.mvfrm.rsp
[213/996    0s] WriteText Library/Bee/artifacts/1900b0aE.dag/Unity.RenderPipelines.Universal.Config.Runtime.dll.mvfrm.rsp
[214/996    0s] WriteText Library/Bee/artifacts/1900b0aE.dag/Unity.Mathematics.dll.mvfrm.rsp
[222/996    0s] WriteText Library/Bee/artifacts/1900b0aE.dag/Unity.RenderPipeline.Universal.ShaderLibrary.rsp
[223/996    0s] WriteText Library/Bee/artifacts/1900b0aE.dag/Unity.RenderPipelines.Universal.Config.Runtime.rsp
[225/996    0s] WriteText Library/Bee/artifacts/1900b0aE.dag/Unity.RenderPipelines.Core.Editor.UnityAdditionalFile.txt
[232/996    0s] WriteText Library/Bee/artifacts/1900b0aE.dag/Unity.RenderPipelines.Universal.Runtime.rsp2
[242/996    0s] WriteText Library/Bee/artifacts/1900b0aE.dag/Unity.RenderPipelines.Core.Editor.rsp2
[244/996    0s] WriteText Library/Bee/artifacts/1900b0aE.dag/Unity.RenderPipelines.Universal.Runtime.UnityAdditionalFile.txt
[245/996    0s] WriteText Library/Bee/artifacts/1900b0aE.dag/Unity.Searcher.Editor.UnityAdditionalFile.txt
[246/996    0s] WriteText Library/Bee/artifacts/1900b0aE.dag/Unity.RenderPipelines.Core.Editor.dll.mvfrm.rsp
[247/996    0s] WriteText Library/Bee/artifacts/1900b0aE.dag/Unity.Searcher.Editor.rsp2
[260/996    0s] WriteText Library/Bee/artifacts/1900b0aE.dag/Unity.ShaderGraph.Utilities.UnityAdditionalFile.txt
[261/996    0s] WriteText Library/Bee/artifacts/1900b0aE.dag/Unity.ShaderGraph.Utilities.rsp2
[264/996    0s] WriteText Library/Bee/artifacts/1900b0aE.dag/Unity.RenderPipelines.Core.Editor.rsp
[266/996    0s] WriteText Library/Bee/artifacts/1900b0aE.dag/Unity.Searcher.Editor.dll.mvfrm.rsp
[267/996    0s] WriteText Library/Bee/artifacts/1900b0aE.dag/Unity.Searcher.Editor.rsp
[281/996    0s] WriteText Library/Bee/artifacts/1900b0aE.dag/Unity.RenderPipelines.Universal.Runtime.rsp
[282/996    0s] WriteText Library/Bee/artifacts/1900b0aE.dag/Unity.ShaderGraph.Utilities.rsp
[283/996    0s] WriteText Library/Bee/artifacts/1900b0aE.dag/Unity.ShaderGraph.Utilities.dll.mvfrm.rsp
[284/996    0s] WriteText Library/Bee/artifacts/1900b0aE.dag/Unity.ShaderGraph.Editor.rsp2
[285/996    0s] WriteText Library/Bee/artifacts/1900b0aE.dag/Unity.Burst.Editor.UnityAdditionalFile.txt
[286/996    0s] WriteText Library/Bee/artifacts/1900b0aE.dag/Unity.Burst.Editor.rsp2
[287/996    0s] WriteText Library/Bee/artifacts/1900b0aE.dag/Unity.RenderPipelines.Universal.Runtime.dll.mvfrm.rsp
[288/996    0s] WriteText Library/Bee/artifacts/1900b0aE.dag/Unity.Mathematics.Editor.UnityAdditionalFile.txt
[289/996    0s] WriteText Library/Bee/artifacts/1900b0aE.dag/Unity.ShaderGraph.Editor.dll.mvfrm.rsp
[292/996    0s] WriteText Library/Bee/artifacts/1900b0aE.dag/Unity.ShaderGraph.Editor.UnityAdditionalFile.txt
[293/996    0s] WriteText Library/Bee/artifacts/1900b0aE.dag/Unity.Mathematics.Editor.rsp2
[294/996    0s] WriteText Library/Bee/artifacts/1900b0aE.dag/Unity.Mathematics.Editor.dll.mvfrm.rsp
[312/996    0s] WriteText Library/Bee/artifacts/1900b0aE.dag/Unity.ShaderGraph.Editor.rsp
[318/996    0s] WriteText Library/Bee/artifacts/1900b0aE.dag/Unity.Burst.Editor.dll.mvfrm.rsp
[320/996    0s] WriteText Library/Bee/artifacts/1900b0aE.dag/Unity.RenderPipelines.Universal.Editor.rsp2
[322/996    0s] WriteText Library/Bee/artifacts/1900b0aE.dag/Unity.Mathematics.Editor.rsp
[333/996    0s] WriteText Library/Bee/artifacts/1900b0aE.dag/Unity.RenderPipelines.Universal.Editor.UnityAdditionalFile.txt
[336/996    0s] WriteText Library/Bee/artifacts/1900b0aE.dag/Unity.RenderPipelines.Universal.Editor.dll.mvfrm.rsp
[360/996    0s] WriteText Library/Bee/artifacts/1900b0aE.dag/Unity.RenderPipelines.Universal.Editor.rsp
[361/996    0s] WriteText Library/Bee/artifacts/1900b0aE.dag/Unity.RenderPipelines.Core.ShaderLibrary.rsp2
[362/996    0s] WriteText Library/Bee/artifacts/1900b0aE.dag/Unity.RenderPipelines.Universal.Shaders.rsp2
[364/996    0s] WriteText Library/Bee/artifacts/1900b0aE.dag/Unity.RenderPipelines.Universal.Shaders.UnityAdditionalFile.txt
[371/996    0s] WriteText Library/Bee/artifacts/1900b0aE.dag/Unity.Burst.Editor.rsp
[373/996    0s] WriteText Library/Bee/artifacts/1900b0aE.dag/Unity.RenderPipelines.ShaderGraph.ShaderGraphLibrary.rsp2
[377/996    0s] WriteText Library/Bee/artifacts/1900b0aE.dag/Unity.RenderPipelines.Core.ShaderLibrary.UnityAdditionalFile.txt
[379/996    0s] WriteText Library/Bee/artifacts/1900b0aE.dag/Unity.RenderPipelines.ShaderGraph.ShaderGraphLibrary.UnityAdditionalFile.txt
[383/996    0s] WriteText Library/Bee/artifacts/1900b0aE.dag/Unity.RenderPipelines.Universal.Shaders.dll.mvfrm.rsp
[385/996    0s] WriteText Library/Bee/artifacts/1900b0aE.dag/UnityEditor.XR.LegacyInputHelpers.dll.mvfrm.rsp
[386/996    0s] WriteText Library/Bee/artifacts/1900b0aE.dag/Unity.RenderPipelines.ShaderGraph.ShaderGraphLibrary.dll.mvfrm.rsp
[398/996    0s] WriteText Library/Bee/artifacts/1900b0aE.dag/Unity.RenderPipelines.Core.ShaderLibrary.dll.mvfrm.rsp
[399/996    0s] WriteText Library/Bee/artifacts/1900b0aE.dag/lilToon.PCSS.Runtime.dll.mvfrm.rsp
[403/996    0s] WriteText Library/Bee/artifacts/1900b0aE.dag/Unity.RenderPipelines.ShaderGraph.ShaderGraphLibrary.rsp
[404/996    0s] WriteText Library/Bee/artifacts/1900b0aE.dag/UnityEditor.XR.LegacyInputHelpers.rsp
[412/996    0s] WriteText Library/Bee/artifacts/1900b0aE.dag/Unity.RenderPipelines.Core.ShaderLibrary.rsp
[414/996    0s] WriteText Library/Bee/artifacts/1900b0aE.dag/lilToon.PCSS.Shaders.Runtime.UnityAdditionalFile.txt
[416/996    0s] WriteText Library/Bee/artifacts/1900b0aE.dag/Unity.RenderPipelines.Universal.Shaders.rsp
[419/996    0s] WriteText Library/Bee/artifacts/1900b0aE.dag/lilToon.PCSS.Runtime.rsp
[420/996    0s] WriteText Library/Bee/artifacts/1900b0aE.dag/lilToon.PCSS.Shaders.Runtime.rsp2
[421/996    0s] WriteText Library/Bee/artifacts/1900b0aE.dag/PPv2URPConverters.UnityAdditionalFile.txt
[423/996    0s] WriteText Library/Bee/artifacts/1900b0aE.dag/PPv2URPConverters.rsp2
[424/996    0s] WriteText Library/Bee/artifacts/1900b0aE.dag/PPv2URPConverters.dll.mvfrm.rsp
[426/996    0s] WriteText Library/Bee/artifacts/1900b0aE.dag/lilToon.PCSS.Shaders.Runtime.dll.mvfrm.rsp
[439/996    0s] WriteText Library/Bee/artifacts/1900b0aE.dag/PPv2URPConverters.rsp
[441/996    0s] WriteText Library/Bee/artifacts/1900b0aE.dag/lilToon.PCSS.Shaders.Runtime.rsp
[442/996    0s] WriteResponseFile Library/Bee/artifacts/rsp/18218310762646611085.rsp
[443/996    0s] WriteText Library/Bee/artifacts/1900b0aE.dag/lilToon.PCSS.Editor.rsp
[444/996    0s] WriteText Library/Bee/artifacts/1900b0aE.dag/Assembly-CSharp-Editor.dll.mvfrm.rsp
[445/996    0s] WriteText Library/Bee/artifacts/1900b0aE.dag/Assembly-CSharp-Editor.rsp
[446/996    0s] WriteResponseFile Library/Bee/artifacts/rsp/4014436084419441659.rsp
[447/996    0s] WriteResponseFile Library/Bee/artifacts/rsp/5916180605834378387.rsp
[448/996    0s] WriteResponseFile Library/Bee/artifacts/rsp/10010842633742469623.rsp
[449/996    0s] WriteResponseFile Library/Bee/artifacts/rsp/2074369592318871490.rsp
[450/996    0s] WriteResponseFile Library/Bee/artifacts/rsp/13903030043038675025.rsp
[451/996    0s] WriteResponseFile Library/Bee/artifacts/rsp/15390860270861656597.rsp
[452/996    0s] WriteResponseFile Library/Bee/artifacts/rsp/1418726328684876121.rsp
[453/996    0s] WriteResponseFile Library/Bee/artifacts/rsp/9870516708743257357.rsp
[454/996    0s] WriteResponseFile Library/Bee/artifacts/rsp/12487318857060271555.rsp
[455/996    0s] WriteResponseFile Library/Bee/artifacts/rsp/17441021761203345371.rsp
[456/996    0s] WriteResponseFile Library/Bee/artifacts/rsp/3956386453828450757.rsp
[457/996    0s] WriteResponseFile Library/Bee/artifacts/rsp/14832617886295879631.rsp
[458/996    0s] WriteResponseFile Library/Bee/artifacts/rsp/2186758709940809457.rsp
[459/996    0s] WriteResponseFile Library/Bee/artifacts/rsp/1748161491239881818.rsp
[460/996    0s] WriteResponseFile Library/Bee/artifacts/rsp/15748370185648319145.rsp
[461/996    0s] WriteResponseFile Library/Bee/artifacts/rsp/18122428196630538320.rsp
[462/996    0s] WriteResponseFile Library/Bee/artifacts/rsp/8899139255040401798.rsp
[463/996    0s] WriteResponseFile Library/Bee/artifacts/rsp/6146630326014295711.rsp
[464/996    0s] WriteResponseFile Library/Bee/artifacts/rsp/651891581104219806.rsp
[465/996    0s] WriteResponseFile Library/Bee/artifacts/rsp/13686715218353603589.rsp
[466/996    0s] WriteResponseFile Library/Bee/artifacts/rsp/13877112702143650221.rsp
[467/996    0s] WriteResponseFile Library/Bee/artifacts/rsp/12062543880932173298.rsp
[468/996    0s] WriteResponseFile Library/Bee/artifacts/rsp/1475724585155360059.rsp
[469/996    0s] WriteResponseFile Library/Bee/artifacts/rsp/12295599868861940527.rsp
[470/996    0s] WriteResponseFile Library/Bee/artifacts/rsp/15085861467720516389.rsp
[471/996    0s] WriteResponseFile Library/Bee/artifacts/rsp/7243304112640277758.rsp
[472/996    0s] WriteResponseFile Library/Bee/artifacts/rsp/17525389461119239690.rsp
[473/996    0s] WriteResponseFile Library/Bee/artifacts/rsp/1907345496941296335.rsp
[474/996    0s] WriteResponseFile Library/Bee/artifacts/rsp/4494907431374462528.rsp
[475/996    0s] WriteResponseFile Library/Bee/artifacts/rsp/5014859245116676864.rsp
[476/996    0s] WriteResponseFile Library/Bee/artifacts/rsp/14969760148876702145.rsp
[477/996    0s] WriteResponseFile Library/Bee/artifacts/rsp/8860347324984707772.rsp
[478/996    0s] WriteResponseFile Library/Bee/artifacts/rsp/454294159692603704.rsp
[479/996    0s] WriteResponseFile Library/Bee/artifacts/rsp/17029780749897486396.rsp
[480/996    0s] WriteResponseFile Library/Bee/artifacts/rsp/3913888237084306484.rsp
[481/996    0s] WriteResponseFile Library/Bee/artifacts/rsp/8306353738322043485.rsp
[482/996    0s] WriteResponseFile Library/Bee/artifacts/rsp/5546506141355401238.rsp
[483/996    0s] WriteResponseFile Library/Bee/artifacts/rsp/17833018831532810861.rsp
[484/996    0s] WriteResponseFile Library/Bee/artifacts/rsp/1379359308984453704.rsp
[485/996    0s] WriteResponseFile Library/Bee/artifacts/rsp/7602468127534590235.rsp
[486/996    0s] WriteResponseFile Library/Bee/artifacts/rsp/5803490648119114145.rsp
[487/996    0s] WriteResponseFile Library/Bee/artifacts/rsp/911446528535106498.rsp
[488/996    0s] WriteResponseFile Library/Bee/artifacts/rsp/12812556936427222528.rsp
[489/996    0s] WriteResponseFile Library/Bee/artifacts/rsp/7864899638050208757.rsp
[490/996    0s] WriteResponseFile Library/Bee/artifacts/rsp/9675442845102135732.rsp
[491/996    0s] WriteResponseFile Library/Bee/artifacts/rsp/53500308366735341.rsp
[492/996    0s] WriteResponseFile Library/Bee/artifacts/rsp/12680641736833361268.rsp
[493/996    0s] WriteResponseFile Library/Bee/artifacts/rsp/2400031028012695012.rsp
[494/996    0s] WriteResponseFile Library/Bee/artifacts/rsp/11169949131693821681.rsp
[495/996    0s] WriteResponseFile Library/Bee/artifacts/rsp/17025055007208638294.rsp
[496/996    0s] WriteResponseFile Library/Bee/artifacts/rsp/4772145154433932943.rsp
[497/996    0s] WriteResponseFile Library/Bee/artifacts/rsp/11258323299798293270.rsp
[498/996    0s] WriteResponseFile Library/Bee/artifacts/rsp/3938377011463375229.rsp
[499/996    0s] WriteResponseFile Library/Bee/artifacts/rsp/14814235663552238418.rsp
[500/996    0s] WriteResponseFile Library/Bee/artifacts/rsp/14402696373757716438.rsp
[501/996    0s] WriteResponseFile Library/Bee/artifacts/rsp/12248871281822510316.rsp
[502/996    0s] WriteResponseFile Library/Bee/artifacts/rsp/9703144790800738880.rsp
[503/996    0s] WriteResponseFile Library/Bee/artifacts/rsp/10292501669419677951.rsp
[504/996    0s] WriteResponseFile Library/Bee/artifacts/rsp/5678380843536809211.rsp
[505/996    0s] WriteResponseFile Library/Bee/artifacts/rsp/15183149355271759364.rsp
[506/996    0s] WriteResponseFile Library/Bee/artifacts/rsp/3648465134513896125.rsp
[507/996    0s] WriteResponseFile Library/Bee/artifacts/rsp/6841316898876630997.rsp
[508/996    0s] WriteResponseFile Library/Bee/artifacts/rsp/1638368849635582809.rsp
[509/996    0s] WriteResponseFile Library/Bee/artifacts/rsp/15394042617203071315.rsp
[510/996    0s] WriteResponseFile Library/Bee/artifacts/rsp/17471587741674112842.rsp
[511/996    0s] WriteResponseFile Library/Bee/artifacts/rsp/9111662996337956171.rsp
[512/996    0s] WriteResponseFile Library/Bee/artifacts/rsp/5024673825167471226.rsp
[513/996    0s] WriteResponseFile Library/Bee/artifacts/rsp/6947401630772442630.rsp
[514/996    0s] WriteResponseFile Library/Bee/artifacts/rsp/15958407531564136273.rsp
[515/996    0s] WriteResponseFile Library/Bee/artifacts/rsp/16285879237017002407.rsp
[516/996    0s] WriteResponseFile Library/Bee/artifacts/rsp/2781082588993088484.rsp
[521/996    0s] WriteResponseFile Library/Bee/artifacts/rsp/5806762800881712256.rsp
[522/996    0s] WriteResponseFile Library/Bee/artifacts/rsp/8166486921578947860.rsp
[523/996    0s] WriteResponseFile Library/Bee/artifacts/rsp/2282191090610319379.rsp
[524/996    0s] WriteResponseFile Library/Bee/artifacts/rsp/9952227458231274573.rsp
[525/996    0s] MovedFromExtractor Library/Bee/artifacts/mvdfrm/Unity.Burst.Cecil.Pdb.dll_BE50B395F6AAEE2A.mvfrm
[526/996    0s] MovedFromExtractor Library/Bee/artifacts/mvdfrm/Unity.Burst.Cecil.Mdb.dll_A6FE3B2677F5ECA7.mvfrm
[527/996    0s] MovedFromExtractor Library/Bee/artifacts/mvdfrm/Unity.Burst.Cecil.Rocks.dll_C439A5AF4349378A.mvfrm
[528/996    0s] MovedFromExtractor Library/Bee/artifacts/mvdfrm/Unity.Burst.Cecil.dll_221627215FE73EEA.mvfrm
[529/996    0s] MovedFromExtractor Library/Bee/artifacts/mvdfrm/Unity.CompilationPipeline.Common.dll_09BE6AF3B8909991.mvfrm
[530/996    0s] MovedFromExtractor Library/Bee/artifacts/mvdfrm/Unity.Burst.Unsafe.dll_13A7A6AB66095489.mvfrm
[531/996    1s] Csc Library/Bee/artifacts/1900b0aE.dag/UnityEngine.UI.dll (+2 others)
[           0s] Csc Library/Bee/artifacts/1900b0aE.dag/UnityEngine.UI.dll (+2 others) [CacheWrite 00000000000000000000000000000003]
[532/996    0s] MovedFromExtractor Library/Bee/artifacts/mvdfrm/UnityEngine.UI.ref.dll_08FEAA520A2EFD60.mvfrm
[533/996    0s] MovedFromExtractorCombine Library/Bee/artifacts/1900b0aE.dag/UnityEditor.UI.dll.mvfrm
[534/996    0s] Csc Library/Bee/artifacts/1900b0aE.dag/UnityEditor.UI.dll (+2 others)
[           0s] Csc Library/Bee/artifacts/1900b0aE.dag/UnityEditor.UI.dll (+2 others) [CacheWrite 00000000000000000000000000000003]
[536/996    0s] MovedFromExtractorCombine Library/Bee/artifacts/1900b0aE.dag/Unity.Services.Core.dll.mvfrm
[537/996    0s] MovedFromExtractorCombine Library/Bee/artifacts/1900b0aE.dag/Unity.Mathematics.dll.mvfrm
[538/996    0s] MovedFromExtractorCombine Library/Bee/artifacts/1900b0aE.dag/Unity.RenderPipelines.Core.Runtime.dll.mvfrm
[539/996    0s] MovedFromExtractorCombine Library/Bee/artifacts/1900b0aE.dag/UnityEngine.Purchasing.AppleCore.dll.mvfrm
[540/996    0s] MovedFromExtractorCombine Library/Bee/artifacts/1900b0aE.dag/Unity.AI.Navigation.dll.mvfrm
[541/996    0s] MovedFromExtractorCombine Library/Bee/artifacts/1900b0aE.dag/UnityEngine.Purchasing.WinRTCore.dll.mvfrm
[542/996    0s] MovedFromExtractorCombine Library/Bee/artifacts/1900b0aE.dag/UnityEngine.Purchasing.SecurityCore.dll.mvfrm
[543/996    0s] MovedFromExtractorCombine Library/Bee/artifacts/1900b0aE.dag/Unity.SysrootPackage.Editor.dll.mvfrm
[544/996    0s] MovedFromExtractorCombine Library/Bee/artifacts/1900b0aE.dag/Unity.ShaderGraph.Utilities.dll.mvfrm
[545/996    0s] MovedFromExtractorCombine Library/Bee/artifacts/1900b0aE.dag/Unity.Searcher.Editor.dll.mvfrm
[546/996    0s] MovedFromExtractorCombine Library/Bee/artifacts/1900b0aE.dag/UnityEngine.SpatialTracking.dll.mvfrm
[547/996    0s] MovedFromExtractorCombine Library/Bee/artifacts/1900b0aE.dag/Unity.Burst.dll.mvfrm
[548/996    0s] MovedFromExtractorCombine Library/Bee/artifacts/1900b0aE.dag/Unity.AI.Navigation.Editor.ConversionSystem.dll.mvfrm
[549/996    0s] Csc Library/Bee/artifacts/1900b0aE.dag/Unity.Services.Core.dll (+2 others)
[550/996    0s] Csc Library/Bee/artifacts/1900b0aE.dag/UnityEngine.SpatialTracking.dll (+2 others)
[551/996    0s] Csc Library/Bee/artifacts/1900b0aE.dag/UnityEngine.Purchasing.SecurityCore.dll (+2 others)
[           0s] Csc Library/Bee/artifacts/1900b0aE.dag/Unity.Services.Core.dll (+2 others) [CacheWrite 00000000000000000000000000000003]
[552/996    0s] Csc Library/Bee/artifacts/1900b0aE.dag/Unity.ShaderGraph.Utilities.dll (+2 others)
[553/996    0s] Csc Library/Bee/artifacts/1900b0aE.dag/Unity.Searcher.Editor.dll (+2 others)
[554/996    0s] Csc Library/Bee/artifacts/1900b0aE.dag/UnityEngine.Purchasing.WinRTCore.dll (+2 others)
[           0s] Csc Library/Bee/artifacts/1900b0aE.dag/Unity.ShaderGraph.Utilities.dll (+2 others) [CacheWrite 00000000000000000000000000000003]
[           0s] Csc Library/Bee/artifacts/1900b0aE.dag/UnityEngine.Purchasing.WinRTCore.dll (+2 others) [CacheWrite 00000000000000000000000000000003]
[           0s] Csc Library/Bee/artifacts/1900b0aE.dag/UnityEngine.Purchasing.SecurityCore.dll (+2 others) [CacheWrite 00000000000000000000000000000003]
[557/996    0s] Csc Library/Bee/artifacts/1900b0aE.dag/Unity.SysrootPackage.Editor.dll (+2 others)
[           0s] Csc Library/Bee/artifacts/1900b0aE.dag/Unity.Searcher.Editor.dll (+2 others) [CacheWrite 00000000000000000000000000000003]
[           0s] Csc Library/Bee/artifacts/1900b0aE.dag/UnityEngine.SpatialTracking.dll (+2 others) [CacheWrite 00000000000000000000000000000003]
[           0s] Csc Library/Bee/artifacts/1900b0aE.dag/Unity.SysrootPackage.Editor.dll (+2 others) [CacheWrite 00000000000000000000000000000003]
[561/996    0s] MovedFromExtractorCombine Library/Bee/artifacts/1900b0aE.dag/Unity.TextMeshPro.dll.mvfrm
[562/996    0s] MovedFromExtractor Library/Bee/artifacts/mvdfrm/Unity.ShaderGraph.Utilities.ref.dll_0524057423981A9D.mvfrm
[563/996    1s] Csc Library/Bee/artifacts/1900b0aE.dag/Unity.AI.Navigation.dll (+2 others)
[564/996    0s] MovedFromExtractorCombine Library/Bee/artifacts/1900b0aE.dag/UnityEngine.Purchasing.WinRTStub.dll.mvfrm
[565/996    0s] MovedFromExtractorCombine Library/Bee/artifacts/1900b0aE.dag/UnityEngine.Purchasing.SecurityStub.dll.mvfrm
[566/996    1s] Csc Library/Bee/artifacts/1900b0aE.dag/Unity.AI.Navigation.Editor.ConversionSystem.dll (+2 others)
[           0s] Csc Library/Bee/artifacts/1900b0aE.dag/Unity.AI.Navigation.dll (+2 others) [CacheWrite 00000000000000000000000000000003]
[568/996    0s] MovedFromExtractorCombine Library/Bee/artifacts/1900b0aE.dag/Unity.Sysroot.Linux_x86_64.dll.mvfrm
[569/996    1s] MovedFromExtractor Library/Bee/artifacts/mvdfrm/Unity.Searcher.Editor.ref.dll_12B7E1785E41BE0E.mvfrm
[570/996    0s] MovedFromExtractorCombine Library/Bee/artifacts/1900b0aE.dag/Unity.Services.Core.Internal.dll.mvfrm
[571/996    0s] MovedFromExtractorCombine Library/Bee/artifacts/1900b0aE.dag/UnityEngine.XR.LegacyInputHelpers.dll.mvfrm
[           0s] Csc Library/Bee/artifacts/1900b0aE.dag/Unity.AI.Navigation.Editor.ConversionSystem.dll (+2 others) [CacheWrite 00000000000000000000000000000003]
[573/996    0s] MovedFromExtractorCombine Library/Bee/artifacts/1900b0aE.dag/Unity.PlasticSCM.Editor.dll.mvfrm
[574/996    0s] MovedFromExtractorCombine Library/Bee/artifacts/1900b0aE.dag/Unity.Timeline.dll.mvfrm
[575/996    0s] MovedFromExtractorCombine Library/Bee/artifacts/1900b0aE.dag/Unity.AI.Navigation.Editor.dll.mvfrm
[576/996    2s] Csc Library/Bee/artifacts/1900b0aE.dag/Unity.RenderPipelines.Core.Runtime.dll (+2 others)
[577/996    2s] Csc Library/Bee/artifacts/1900b0aE.dag/Unity.Burst.dll (+2 others)
[           0s] Csc Library/Bee/artifacts/1900b0aE.dag/Unity.Burst.dll (+2 others) [CacheWrite 00000000000000000000000000000003]
[           0s] Csc Library/Bee/artifacts/1900b0aE.dag/Unity.RenderPipelines.Core.Runtime.dll (+2 others) [CacheWrite 00000000000000000000000000000003]
[578/996    1s] Csc Library/Bee/artifacts/1900b0aE.dag/UnityEngine.Purchasing.SecurityStub.dll (+2 others)
[579/996    0s] Csc Library/Bee/artifacts/1900b0aE.dag/UnityEngine.Purchasing.WinRTStub.dll (+2 others)
[           0s] Csc Library/Bee/artifacts/1900b0aE.dag/UnityEngine.Purchasing.WinRTStub.dll (+2 others) [CacheWrite 00000000000000000000000000000003]
[581/996    0s] Csc Library/Bee/artifacts/1900b0aE.dag/Unity.Sysroot.Linux_x86_64.dll (+2 others)
[582/996    0s] Csc Library/Bee/artifacts/1900b0aE.dag/UnityEngine.XR.LegacyInputHelpers.dll (+2 others)
[           0s] Csc Library/Bee/artifacts/1900b0aE.dag/UnityEngine.Purchasing.SecurityStub.dll (+2 others) [CacheWrite 00000000000000000000000000000003]
[583/996    1s] Csc Library/Bee/artifacts/1900b0aE.dag/Unity.Services.Core.Internal.dll (+2 others)
[           0s] Csc Library/Bee/artifacts/1900b0aE.dag/Unity.Sysroot.Linux_x86_64.dll (+2 others) [CacheWrite 00000000000000000000000000000003]
[           0s] Csc Library/Bee/artifacts/1900b0aE.dag/Unity.Services.Core.Internal.dll (+2 others) [CacheWrite 00000000000000000000000000000003]
[           0s] Csc Library/Bee/artifacts/1900b0aE.dag/UnityEngine.XR.LegacyInputHelpers.dll (+2 others) [CacheWrite 00000000000000000000000000000003]
[588/996    0s] MovedFromExtractorCombine Library/Bee/artifacts/1900b0aE.dag/Unity.VSCode.Editor.dll.mvfrm
[589/996    0s] MovedFromExtractor Library/Bee/artifacts/mvdfrm/Unity.RenderPipelines.Core.Runtime.ref.dll_CE6A42C97D96EB0A.mvfrm
[590/996    0s] MovedFromExtractor Library/Bee/artifacts/mvdfrm/Unity.Burst.ref.dll_F30DFA20C0DD1968.mvfrm
[591/996    0s] MovedFromExtractorCombine Library/Bee/artifacts/1900b0aE.dag/Unity.VisualStudio.Editor.dll.mvfrm
[592/996    0s] MovedFromExtractorCombine Library/Bee/artifacts/1900b0aE.dag/Unity.Rider.Editor.dll.mvfrm
[593/996    0s] MovedFromExtractorCombine Library/Bee/artifacts/1900b0aE.dag/Purchasing.Common.dll.mvfrm
[594/996    1s] Csc Library/Bee/artifacts/1900b0aE.dag/Unity.Timeline.dll (+2 others)
[595/996    0s] MovedFromExtractorCombine Library/Bee/artifacts/1900b0aE.dag/Unity.Toolchain.Win-x86_64-Linux-x86_64.dll.mvfrm
[596/996    0s] MovedFromExtractorCombine Library/Bee/artifacts/1900b0aE.dag/Unity.Services.Core.Environments.dll.mvfrm
[597/996    1s] Csc Library/Bee/artifacts/1900b0aE.dag/Unity.AI.Navigation.Editor.dll (+2 others)
[598/996    0s] MovedFromExtractorCombine Library/Bee/artifacts/1900b0aE.dag/Unity.Services.Analytics.dll.mvfrm
[599/996    2s] Csc Library/Bee/artifacts/1900b0aE.dag/Unity.TextMeshPro.dll (+2 others)
[           0s] Csc Library/Bee/artifacts/1900b0aE.dag/Unity.TextMeshPro.dll (+2 others) [CacheWrite 00000000000000000000000000000003]
[           0s] Csc Library/Bee/artifacts/1900b0aE.dag/Unity.Timeline.dll (+2 others) [CacheWrite 00000000000000000000000000000003]
[600/996    0s] MovedFromExtractorCombine Library/Bee/artifacts/1900b0aE.dag/Unity.Services.Core.Telemetry.dll.mvfrm
[601/996    0s] MovedFromExtractorCombine Library/Bee/artifacts/1900b0aE.dag/Unity.Services.Core.Configuration.dll.mvfrm
[           0s] Csc Library/Bee/artifacts/1900b0aE.dag/Unity.AI.Navigation.Editor.dll (+2 others) [CacheWrite 00000000000000000000000000000003]
[602/996    0s] MovedFromExtractorCombine Library/Bee/artifacts/1900b0aE.dag/Unity.Services.Core.Scheduler.dll.mvfrm
[603/996    0s] MovedFromExtractorCombine Library/Bee/artifacts/1900b0aE.dag/Unity.Burst.CodeGen.dll.mvfrm
[604/996    0s] MovedFromExtractorCombine Library/Bee/artifacts/1900b0aE.dag/Unity.RenderPipeline.Universal.ShaderLibrary.dll.mvfrm
[604/996    0s] Csc Library/Bee/artifacts/1900b0aE.dag/Unity.Burst.CodeGen.dll (+2 others) [CacheHit 4ad05d8ef2b25bfc420a6e330891f72800000000000000000000000000000003]
[605/996   1754550263s] Csc Library/Bee/artifacts/1900b0aE.dag/Unity.Burst.CodeGen.dll (+2 others)
[607/996    0s] MovedFromExtractorCombine Library/Bee/artifacts/1900b0aE.dag/Unity.RenderPipelines.Universal.Config.Runtime.dll.mvfrm
[608/996    0s] MovedFromExtractorCombine Library/Bee/artifacts/1900b0aE.dag/Unity.Services.Core.Environments.Internal.dll.mvfrm
[609/996    2s] Csc Library/Bee/artifacts/1900b0aE.dag/Unity.PlasticSCM.Editor.dll (+2 others)
[610/996    4s] Csc Library/Bee/artifacts/1900b0aE.dag/Unity.Mathematics.dll (+2 others)
[           0s] Csc Library/Bee/artifacts/1900b0aE.dag/Unity.PlasticSCM.Editor.dll (+2 others) [CacheWrite 00000000000000000000000000000003]
[611/996    0s] MovedFromExtractorCombine Library/Bee/artifacts/1900b0aE.dag/Unity.Services.Core.Device.dll.mvfrm
[612/996    0s] Csc Library/Bee/artifacts/1900b0aE.dag/Purchasing.Common.dll (+2 others)
[613/996    0s] MovedFromExtractorCombine Library/Bee/artifacts/1900b0aE.dag/Unity.Services.Core.Threading.dll.mvfrm
[           0s] Csc Library/Bee/artifacts/1900b0aE.dag/Purchasing.Common.dll (+2 others) [CacheWrite 00000000000000000000000000000003]
[           0s] Csc Library/Bee/artifacts/1900b0aE.dag/Unity.Mathematics.dll (+2 others) [CacheWrite 00000000000000000000000000000003]
[614/996    0s] Csc Library/Bee/artifacts/1900b0aE.dag/Unity.Services.Core.Scheduler.dll (+2 others)
[615/996    0s] Csc Library/Bee/artifacts/1900b0aE.dag/Unity.Services.Core.Environments.dll (+2 others)
[           0s] Csc Library/Bee/artifacts/1900b0aE.dag/Unity.Services.Core.Scheduler.dll (+2 others) [CacheWrite 00000000000000000000000000000003]
[616/996    0s] Csc Library/Bee/artifacts/1900b0aE.dag/Unity.Services.Core.Telemetry.dll (+2 others)
[617/996    0s] Csc Library/Bee/artifacts/1900b0aE.dag/Unity.Services.Core.Configuration.dll (+2 others)
[           0s] Csc Library/Bee/artifacts/1900b0aE.dag/Unity.Services.Core.Environments.dll (+2 others) [CacheWrite 00000000000000000000000000000003]
[618/996    0s] Csc Library/Bee/artifacts/1900b0aE.dag/Unity.Services.Analytics.dll (+2 others)
[           0s] Csc Library/Bee/artifacts/1900b0aE.dag/Unity.Services.Core.Telemetry.dll (+2 others) [CacheWrite 00000000000000000000000000000003]
[           0s] Csc Library/Bee/artifacts/1900b0aE.dag/Unity.Services.Core.Configuration.dll (+2 others) [CacheWrite 00000000000000000000000000000003]
[           0s] Csc Library/Bee/artifacts/1900b0aE.dag/Unity.Services.Analytics.dll (+2 others) [CacheWrite 00000000000000000000000000000003]
[624/996    0s] Csc Library/Bee/artifacts/1900b0aE.dag/Unity.RenderPipelines.Universal.Config.Runtime.dll (+2 others)
[625/996    0s] MovedFromExtractorCombine Library/Bee/artifacts/1900b0aE.dag/Unity.RenderPipelines.Core.Editor.dll.mvfrm
[626/996    0s] Csc Library/Bee/artifacts/1900b0aE.dag/Unity.Services.Core.Threading.dll (+2 others)
[           0s] Csc Library/Bee/artifacts/1900b0aE.dag/Unity.RenderPipelines.Universal.Config.Runtime.dll (+2 others) [CacheWrite 00000000000000000000000000000003]
[627/996    0s] MovedFromExtractorCombine Library/Bee/artifacts/1900b0aE.dag/Unity.Services.Core.Networking.dll.mvfrm
[628/996    0s] Csc Library/Bee/artifacts/1900b0aE.dag/Unity.Services.Core.Device.dll (+2 others)
[           0s] Csc Library/Bee/artifacts/1900b0aE.dag/Unity.Services.Core.Threading.dll (+2 others) [CacheWrite 00000000000000000000000000000003]
[629/996    0s] MovedFromExtractorCombine Library/Bee/artifacts/1900b0aE.dag/Unity.Services.Core.Configuration.Editor.dll.mvfrm
[631/996    0s] Csc Library/Bee/artifacts/1900b0aE.dag/Unity.RenderPipeline.Universal.ShaderLibrary.dll (+2 others)
[632/996    0s] Csc Library/Bee/artifacts/1900b0aE.dag/Unity.Services.Core.Environments.Internal.dll (+2 others)
[           0s] Csc Library/Bee/artifacts/1900b0aE.dag/Unity.Services.Core.Device.dll (+2 others) [CacheWrite 00000000000000000000000000000003]
[633/996    0s] MovedFromExtractor Library/Bee/artifacts/mvdfrm/Unity.Mathematics.ref.dll_E8EFDB1B8D5C174E.mvfrm
[           0s] Csc Library/Bee/artifacts/1900b0aE.dag/Unity.RenderPipeline.Universal.ShaderLibrary.dll (+2 others) [CacheWrite 00000000000000000000000000000003]
[           0s] Csc Library/Bee/artifacts/1900b0aE.dag/Unity.Services.Core.Environments.Internal.dll (+2 others) [CacheWrite 00000000000000000000000000000003]
[638/996    0s] MovedFromExtractorCombine Library/Bee/artifacts/1900b0aE.dag/UnityEngine.Purchasing.dll.mvfrm
[639/996    0s] MovedFromExtractorCombine Library/Bee/artifacts/1900b0aE.dag/Unity.Burst.Editor.dll.mvfrm
[640/996    0s] Csc Library/Bee/artifacts/1900b0aE.dag/UnityEngine.Purchasing.AppleCore.dll (+2 others)
[641/996    0s] MovedFromExtractorCombine Library/Bee/artifacts/1900b0aE.dag/Unity.Mathematics.Editor.dll.mvfrm
[642/996    0s] MovedFromExtractor Library/Bee/artifacts/mvdfrm/Unity.RenderPipelines.Universal.Config.Runtime.ref.dll_5D92000A132D4840.mvfrm
[           0s] Csc Library/Bee/artifacts/1900b0aE.dag/UnityEngine.Purchasing.AppleCore.dll (+2 others) [CacheWrite 00000000000000000000000000000003]
[643/996    0s] MovedFromExtractorCombine Library/Bee/artifacts/1900b0aE.dag/Unity.Services.Core.Registration.dll.mvfrm
[645/996    0s] MovedFromExtractor Library/Bee/artifacts/mvdfrm/Unity.Timeline.ref.dll_621CDDF9C514DF8F.mvfrm
[646/996    0s] MovedFromExtractor Library/Bee/artifacts/mvdfrm/Unity.RenderPipeline.Universal.ShaderLibrary.ref.dll_5436F99F8BDCED8B.mvfrm
[647/996    0s] MovedFromExtractorCombine Library/Bee/artifacts/1900b0aE.dag/Unity.AI.Navigation.Updater.dll.mvfrm
[648/996    0s] Csc Library/Bee/artifacts/1900b0aE.dag/Unity.Services.Core.Networking.dll (+2 others)
[649/996    0s] MovedFromExtractorCombine Library/Bee/artifacts/1900b0aE.dag/UnityEngine.Purchasing.AppleStub.dll.mvfrm
[650/996    0s] MovedFromExtractorCombine Library/Bee/artifacts/1900b0aE.dag/UnityEngine.Purchasing.AppleMacosStub.dll.mvfrm
[           0s] Csc Library/Bee/artifacts/1900b0aE.dag/Unity.Services.Core.Networking.dll (+2 others) [CacheWrite 00000000000000000000000000000003]
[652/996    0s] MovedFromExtractorCombine Library/Bee/artifacts/1900b0aE.dag/Unity.RenderPipelines.Universal.Runtime.dll.mvfrm
[653/996    0s] MovedFromExtractorCombine Library/Bee/artifacts/1900b0aE.dag/Unity.Timeline.Editor.dll.mvfrm
[654/996    0s] Csc Library/Bee/artifacts/1900b0aE.dag/Unity.Services.Core.Configuration.Editor.dll (+2 others)
[655/996    0s] MovedFromExtractorCombine Library/Bee/artifacts/1900b0aE.dag/Unity.TextMeshPro.Editor.dll.mvfrm
[           0s] Csc Library/Bee/artifacts/1900b0aE.dag/Unity.Services.Core.Configuration.Editor.dll (+2 others) [CacheWrite 00000000000000000000000000000003]
[657/996    0s] Csc Library/Bee/artifacts/1900b0aE.dag/Unity.Mathematics.Editor.dll (+2 others)
[658/996    0s] MovedFromExtractorCombine Library/Bee/artifacts/1900b0aE.dag/UnityEditor.SpatialTracking.dll.mvfrm
[           0s] Csc Library/Bee/artifacts/1900b0aE.dag/Unity.Mathematics.Editor.dll (+2 others) [CacheWrite 00000000000000000000000000000003]
[659/996    0s] Csc Library/Bee/artifacts/1900b0aE.dag/Unity.Services.Core.Registration.dll (+2 others)
[660/996    0s] MovedFromExtractorCombine Library/Bee/artifacts/1900b0aE.dag/Unity.Analytics.DataPrivacy.dll.mvfrm
[661/996    1s] Csc Library/Bee/artifacts/1900b0aE.dag/UnityEngine.Purchasing.dll (+2 others)
[662/996    0s] MovedFromExtractorCombine Library/Bee/artifacts/1900b0aE.dag/Unity.Services.Core.Analytics.dll.mvfrm
[663/996    0s] MovedFromExtractorCombine Library/Bee/artifacts/1900b0aE.dag/UnityEngine.Advertisements.dll.mvfrm
[           0s] Csc Library/Bee/artifacts/1900b0aE.dag/Unity.Services.Core.Registration.dll (+2 others) [CacheWrite 00000000000000000000000000000003]
[           0s] Csc Library/Bee/artifacts/1900b0aE.dag/UnityEngine.Purchasing.dll (+2 others) [CacheWrite 00000000000000000000000000000003]
[666/996    0s] Csc Library/Bee/artifacts/1900b0aE.dag/UnityEngine.Purchasing.AppleMacosStub.dll (+2 others)
[667/996    0s] Csc Library/Bee/artifacts/1900b0aE.dag/UnityEngine.Purchasing.AppleStub.dll (+2 others)
[668/996    0s] MovedFromExtractorCombine Library/Bee/artifacts/1900b0aE.dag/Unity.RenderPipelines.Core.ShaderLibrary.dll.mvfrm
[669/996    0s] MovedFromExtractorCombine Library/Bee/artifacts/1900b0aE.dag/Unity.RenderPipelines.Universal.Shaders.dll.mvfrm
[670/996    0s] MovedFromExtractorCombine Library/Bee/artifacts/1900b0aE.dag/UnityEngine.Advertisements.Editor.dll.mvfrm
[671/996    1s] Csc Library/Bee/artifacts/1900b0aE.dag/Unity.RenderPipelines.Core.Editor.dll (+2 others)
[672/996    0s] MovedFromExtractor Library/Bee/artifacts/mvdfrm/Unity.Mathematics.Editor.ref.dll_9A20CFD48BC11F43.mvfrm
[           0s] Csc Library/Bee/artifacts/1900b0aE.dag/UnityEngine.Purchasing.AppleMacosStub.dll (+2 others) [CacheWrite 00000000000000000000000000000003]
[           0s] Csc Library/Bee/artifacts/1900b0aE.dag/UnityEngine.Purchasing.AppleStub.dll (+2 others) [CacheWrite 00000000000000000000000000000003]
[675/996    0s] MovedFromExtractorCombine Library/Bee/artifacts/1900b0aE.dag/Unity.RenderPipelines.ShaderGraph.ShaderGraphLibrary.dll.mvfrm
[           0s] Csc Library/Bee/artifacts/1900b0aE.dag/Unity.RenderPipelines.Core.Editor.dll (+2 others) [CacheWrite 00000000000000000000000000000003]
[676/996    0s] MovedFromExtractorCombine Library/Bee/artifacts/1900b0aE.dag/Unity.Services.Core.Editor.dll.mvfrm
[677/996    0s] MovedFromExtractorCombine Library/Bee/artifacts/1900b0aE.dag/Unity.2D.Sprite.Editor.dll.mvfrm
[678/996    0s] MovedFromExtractorCombine Library/Bee/artifacts/1900b0aE.dag/Unity.2D.Tilemap.Editor.dll.mvfrm
[679/996    0s] MovedFromExtractorCombine Library/Bee/artifacts/1900b0aE.dag/UnityEngine.Purchasing.Stores.dll.mvfrm
[680/996    0s] MovedFromExtractor Library/Bee/artifacts/mvdfrm/Unity.RenderPipelines.Core.Editor.ref.dll_46EB9B6930B27991.mvfrm
[681/996    0s] MovedFromExtractorCombine Library/Bee/artifacts/1900b0aE.dag/Unity.ShaderGraph.Editor.dll.mvfrm
[682/996    1s] Csc Library/Bee/artifacts/1900b0aE.dag/Unity.Rider.Editor.dll (+2 others)
[683/996    0s] Csc Library/Bee/artifacts/1900b0aE.dag/Unity.RenderPipelines.ShaderGraph.ShaderGraphLibrary.dll (+2 others)
[684/996    1s] Csc Library/Bee/artifacts/1900b0aE.dag/Unity.VSCode.Editor.dll (+2 others)
[           0s] Csc Library/Bee/artifacts/1900b0aE.dag/Unity.RenderPipelines.ShaderGraph.ShaderGraphLibrary.dll (+2 others) [CacheWrite 00000000000000000000000000000003]
[685/996    1s] Csc Library/Bee/artifacts/1900b0aE.dag/Unity.Services.Core.Editor.dll (+2 others)
[           0s] Csc Library/Bee/artifacts/1900b0aE.dag/Unity.Rider.Editor.dll (+2 others) [CacheWrite 00000000000000000000000000000003]
[686/996    1s] Csc Library/Bee/artifacts/1900b0aE.dag/Unity.VisualStudio.Editor.dll (+2 others)
[           0s] Csc Library/Bee/artifacts/1900b0aE.dag/Unity.VSCode.Editor.dll (+2 others) [CacheWrite 00000000000000000000000000000003]
[           0s] Csc Library/Bee/artifacts/1900b0aE.dag/Unity.VisualStudio.Editor.dll (+2 others) [CacheWrite 00000000000000000000000000000003]
[687/996    2s] Csc Library/Bee/artifacts/1900b0aE.dag/Unity.RenderPipelines.Universal.Runtime.dll (+2 others)
[           0s] Csc Library/Bee/artifacts/1900b0aE.dag/Unity.Services.Core.Editor.dll (+2 others) [CacheWrite 00000000000000000000000000000003]
[689/996    1s] Csc Library/Bee/artifacts/1900b0aE.dag/Unity.2D.Sprite.Editor.dll (+2 others)
[           0s] Csc Library/Bee/artifacts/1900b0aE.dag/Unity.RenderPipelines.Universal.Runtime.dll (+2 others) [CacheWrite 00000000000000000000000000000003]
[           0s] Csc Library/Bee/artifacts/1900b0aE.dag/Unity.2D.Sprite.Editor.dll (+2 others) [CacheWrite 00000000000000000000000000000003]
[690/996    0s] MovedFromExtractorCombine Library/Bee/artifacts/1900b0aE.dag/Unity.Services.Analytics.Editor.dll.mvfrm
[691/996    1s] Csc Library/Bee/artifacts/1900b0aE.dag/UnityEngine.Advertisements.Editor.dll (+2 others)
[692/996    0s] MovedFromExtractor Library/Bee/artifacts/mvdfrm/Unity.RenderPipelines.Universal.Runtime.ref.dll_5400A10AF7CC6BEA.mvfrm
[693/996    1s] Csc Library/Bee/artifacts/1900b0aE.dag/Unity.RenderPipelines.Universal.Shaders.dll (+2 others)
[694/996    2s] Csc Library/Bee/artifacts/1900b0aE.dag/Unity.2D.Tilemap.Editor.dll (+2 others)
[695/996    1s] Csc Library/Bee/artifacts/1900b0aE.dag/Unity.RenderPipelines.Core.ShaderLibrary.dll (+2 others)
[           0s] Csc Library/Bee/artifacts/1900b0aE.dag/UnityEngine.Advertisements.Editor.dll (+2 others) [CacheWrite 00000000000000000000000000000003]
[           0s] Csc Library/Bee/artifacts/1900b0aE.dag/Unity.2D.Tilemap.Editor.dll (+2 others) [CacheWrite 00000000000000000000000000000003]
[           0s] Csc Library/Bee/artifacts/1900b0aE.dag/Unity.RenderPipelines.Universal.Shaders.dll (+2 others) [CacheWrite 00000000000000000000000000000003]
[696/996    2s] Csc Library/Bee/artifacts/1900b0aE.dag/UnityEngine.Purchasing.Stores.dll (+2 others)
[           0s] Csc Library/Bee/artifacts/1900b0aE.dag/Unity.RenderPipelines.Core.ShaderLibrary.dll (+2 others) [CacheWrite 00000000000000000000000000000003]
[697/996    1s] Csc Library/Bee/artifacts/1900b0aE.dag/UnityEngine.Advertisements.dll (+2 others)
[           0s] Csc Library/Bee/artifacts/1900b0aE.dag/UnityEngine.Purchasing.Stores.dll (+2 others) [CacheWrite 00000000000000000000000000000003]
[698/996    0s] MovedFromExtractorCombine Library/Bee/artifacts/1900b0aE.dag/lilToon.PCSS.Runtime.dll.mvfrm
[           0s] Csc Library/Bee/artifacts/1900b0aE.dag/UnityEngine.Advertisements.dll (+2 others) [CacheWrite 00000000000000000000000000000003]
[699/996    0s] MovedFromExtractorCombine Library/Bee/artifacts/1900b0aE.dag/UnityEditor.XR.LegacyInputHelpers.dll.mvfrm
[701/996    1s] Csc Library/Bee/artifacts/1900b0aE.dag/Unity.Services.Analytics.Editor.dll (+2 others)
[702/996    1s] Csc Library/Bee/artifacts/1900b0aE.dag/Unity.Services.Core.Analytics.dll (+2 others)
[           0s] Csc Library/Bee/artifacts/1900b0aE.dag/Unity.Services.Analytics.Editor.dll (+2 others) [CacheWrite 00000000000000000000000000000003]
[           0s] Csc Library/Bee/artifacts/1900b0aE.dag/Unity.Services.Core.Analytics.dll (+2 others) [CacheWrite 00000000000000000000000000000003]
[703/996    0s] MovedFromExtractorCombine Library/Bee/artifacts/1900b0aE.dag/UnityEngine.Purchasing.Codeless.dll.mvfrm
[704/996    0s] Csc Library/Bee/artifacts/1900b0aE.dag/UnityEditor.SpatialTracking.dll (+2 others)
[           0s] Csc Library/Bee/artifacts/1900b0aE.dag/UnityEditor.SpatialTracking.dll (+2 others) [CacheWrite 00000000000000000000000000000003]
[705/996    0s] Csc Library/Bee/artifacts/1900b0aE.dag/Unity.Analytics.DataPrivacy.dll (+2 others)
[706/996    0s] Csc Library/Bee/artifacts/1900b0aE.dag/lilToon.PCSS.Runtime.dll (+2 others)
[708/996    0s] Csc Library/Bee/artifacts/1900b0aE.dag/UnityEditor.XR.LegacyInputHelpers.dll (+2 others)
[709/996    0s] Csc Library/Bee/artifacts/1900b0aE.dag/Unity.TextMeshPro.Editor.dll (+2 others)
[           0s] Csc Library/Bee/artifacts/1900b0aE.dag/Unity.Analytics.DataPrivacy.dll (+2 others) [CacheWrite 00000000000000000000000000000003]
[710/996    0s] MovedFromExtractorCombine Library/Bee/artifacts/1900b0aE.dag/lilToon.PCSS.Shaders.Runtime.dll.mvfrm
[           0s] Csc Library/Bee/artifacts/1900b0aE.dag/Unity.TextMeshPro.Editor.dll (+2 others) [CacheWrite 00000000000000000000000000000003]
[           0s] Csc Library/Bee/artifacts/1900b0aE.dag/UnityEditor.XR.LegacyInputHelpers.dll (+2 others) [CacheWrite 00000000000000000000000000000003]
[717/996    0s] MovedFromExtractorCombine Library/Bee/artifacts/1900b0aE.dag/Analytics.dll.mvfrm
[724/996    0s] MovedFromExtractorCombine Library/Bee/artifacts/1900b0aE.dag/lilToon.PCSS.Editor.dll.mvfrm
[725/996    0s] MovedFromExtractor Library/Bee/artifacts/mvdfrm/Unity.RenderPipelines.Universal.Shaders.ref.dll_9468B054363B0720.mvfrm
[726/996    1s] Csc Library/Bee/artifacts/1900b0aE.dag/Unity.Toolchain.Win-x86_64-Linux-x86_64.dll (+2 others)
[           0s] Csc Library/Bee/artifacts/1900b0aE.dag/Unity.Toolchain.Win-x86_64-Linux-x86_64.dll (+2 others) [CacheWrite 00000000000000000000000000000003]
[727/996    0s] MovedFromExtractor Library/Bee/artifacts/mvdfrm/Unity.RenderPipelines.ShaderGraph.ShaderGraphLibrary.ref.dll_1A2083B43FB0BF18.mvfrm
[729/996    1s] Csc Library/Bee/artifacts/1900b0aE.dag/Unity.AI.Navigation.Updater.dll (+2 others)
[730/996    3s] Csc Library/Bee/artifacts/1900b0aE.dag/Unity.ShaderGraph.Editor.dll (+2 others)
[731/996    0s] MovedFromExtractor Library/Bee/artifacts/mvdfrm/Unity.RenderPipelines.Core.ShaderLibrary.ref.dll_7F2C410A434F5518.mvfrm
[732/996    0s] MovedFromExtractor Library/Bee/artifacts/mvdfrm/UnityEditor.XR.LegacyInputHelpers.ref.dll_3F12D550ED6E7C7D.mvfrm
[           0s] Csc Library/Bee/artifacts/1900b0aE.dag/Unity.AI.Navigation.Updater.dll (+2 others) [CacheWrite 00000000000000000000000000000003]
[           0s] Csc Library/Bee/artifacts/1900b0aE.dag/Unity.ShaderGraph.Editor.dll (+2 others) [CacheWrite 00000000000000000000000000000003]
[734/996    0s] CopyFiles Library/ScriptAssemblies/Unity.VisualStudio.Editor.pdb
[735/996    0s] CopyFiles Library/ScriptAssemblies/Unity.VisualStudio.Editor.dll
[736/996    0s] CopyFiles Library/ScriptAssemblies/Unity.VSCode.Editor.pdb
[737/996    0s] CopyFiles Library/ScriptAssemblies/Unity.VSCode.Editor.dll
[738/996    0s] CopyFiles Library/ScriptAssemblies/Unity.Rider.Editor.dll
[739/996    0s] CopyFiles Library/ScriptAssemblies/Unity.Rider.Editor.pdb
[740/996    0s] CopyFiles Library/ScriptAssemblies/Unity.Burst.CodeGen.dll
[741/996    0s] CopyFiles Library/ScriptAssemblies/Unity.Burst.CodeGen.pdb
[742/996    0s] MovedFromExtractorCombine Library/Bee/artifacts/1900b0aE.dag/Unity.CollabProxy.Editor.dll.mvfrm
[743/996    1s] Csc Library/Bee/artifacts/1900b0aE.dag/UnityEngine.Purchasing.Codeless.dll (+2 others)
[744/996    0s] MovedFromExtractorCombine Library/Bee/artifacts/1900b0aE.dag/Unity.Services.Core.Environments.Editor.dll.mvfrm
[745/996    0s] MovedFromExtractorCombine Library/Bee/artifacts/1900b0aE.dag/UnityEngine.Advertisements.DevX.Editor.dll.mvfrm
[           0s] Csc Library/Bee/artifacts/1900b0aE.dag/UnityEngine.Purchasing.Codeless.dll (+2 others) [CacheWrite 00000000000000000000000000000003]
[747/996    0s] MovedFromExtractor Library/Bee/artifacts/mvdfrm/Unity.ShaderGraph.Editor.ref.dll_0F50152946DB09D0.mvfrm
[748/996    0s] MovedFromExtractorCombine Library/Bee/artifacts/1900b0aE.dag/UnityEditor.Purchasing.dll.mvfrm
[749/996    0s] Csc Library/Bee/artifacts/1900b0aE.dag/lilToon.PCSS.Shaders.Runtime.dll (+2 others)
[750/996    2s] Csc Library/Bee/artifacts/1900b0aE.dag/Unity.Timeline.Editor.dll (+2 others)
[751/996    0s] Csc Library/Bee/artifacts/1900b0aE.dag/Analytics.dll (+2 others)
[           0s] Csc Library/Bee/artifacts/1900b0aE.dag/Unity.Timeline.Editor.dll (+2 others) [CacheWrite 00000000000000000000000000000003]
[752/996    7s] Csc Library/Bee/artifacts/1900b0aE.dag/Unity.Burst.Editor.dll (+2 others)
[           0s] Csc Library/Bee/artifacts/1900b0aE.dag/Analytics.dll (+2 others) [CacheWrite 00000000000000000000000000000003]
[753/996    0s] Csc Library/Bee/artifacts/1900b0aE.dag/Unity.CollabProxy.Editor.dll (+2 others)
[           0s] Csc Library/Bee/artifacts/1900b0aE.dag/Unity.Burst.Editor.dll (+2 others) [CacheWrite 00000000000000000000000000000003]
[           0s] Csc Library/Bee/artifacts/1900b0aE.dag/Unity.CollabProxy.Editor.dll (+2 others) [CacheWrite 00000000000000000000000000000003]
[754/996    0s] Csc Library/Bee/artifacts/1900b0aE.dag/UnityEngine.Advertisements.DevX.Editor.dll (+2 others)
[755/996    0s] MovedFromExtractor Library/Bee/artifacts/mvdfrm/Unity.Timeline.Editor.ref.dll_0D3D3C0B73557612.mvfrm
[756/996    0s] Csc Library/Bee/artifacts/1900b0aE.dag/Unity.Services.Core.Environments.Editor.dll (+2 others)
[           0s] Csc Library/Bee/artifacts/1900b0aE.dag/UnityEngine.Advertisements.DevX.Editor.dll (+2 others) [CacheWrite 00000000000000000000000000000003]
[           0s] Csc Library/Bee/artifacts/1900b0aE.dag/Unity.Services.Core.Environments.Editor.dll (+2 others) [CacheWrite 00000000000000000000000000000003]
[757/996    0s] MovedFromExtractor Library/Bee/artifacts/mvdfrm/Unity.Burst.Editor.ref.dll_E2F92DAB6C167CC9.mvfrm
[758/996    0s] Csc Library/Bee/artifacts/1900b0aE.dag/UnityEditor.Purchasing.dll (+2 others)
[           0s] Csc Library/Bee/artifacts/1900b0aE.dag/UnityEditor.Purchasing.dll (+2 others) [CacheWrite 00000000000000000000000000000003]
[760/996    0s] MovedFromExtractorCombine Library/Bee/artifacts/1900b0aE.dag/Unity.RenderPipelines.Universal.Editor.dll.mvfrm
[761/996    8s] ILPP-Configuration Library/ilpp-configuration.nevergeneratedoutput
[762/996    0s] Csc Library/Bee/artifacts/1900b0aE.dag/Unity.RenderPipelines.Universal.Editor.dll (+2 others)
[           0s] Csc Library/Bee/artifacts/1900b0aE.dag/Unity.RenderPipelines.Universal.Editor.dll (+2 others) [CacheWrite 00000000000000000000000000000003]
[763/996    0s] MovedFromExtractor Library/Bee/artifacts/mvdfrm/Unity.RenderPipelines.Universal.Editor.ref.dll_0FF7AC68384616B1.mvfrm
[764/996    0s] MovedFromExtractorCombine Library/Bee/artifacts/1900b0aE.dag/PPv2URPConverters.dll.mvfrm
[765/996    0s] Csc Library/Bee/artifacts/1900b0aE.dag/PPv2URPConverters.dll (+2 others)
[           0s] Csc Library/Bee/artifacts/1900b0aE.dag/PPv2URPConverters.dll (+2 others) [CacheWrite 00000000000000000000000000000003]
[766/996    0s] MovedFromExtractorCombine Library/Bee/artifacts/1900b0aE.dag/Assembly-CSharp-Editor.dll.mvfrm
[767/996    0s] ILPostProcess Library/Bee/artifacts/1900b0aE.dag/post-processed/UnityEngine.Purchasing.AppleStub.dll (+pdb)
Processing assembly Library/Bee/artifacts/1900b0aE.dag/UnityEngine.Purchasing.AppleStub.dll, with 119 defines and 236 references

processors: zzzUnity.Burst.CodeGen.BurstILPostProcessor

running zzzUnity.Burst.CodeGen.BurstILPostProcessor
[768/996    0s] ILPostProcess Library/Bee/artifacts/1900b0aE.dag/post-processed/Unity.Timeline.dll (+pdb)
Processing assembly Library/Bee/artifacts/1900b0aE.dag/Unity.Timeline.dll, with 120 defines and 234 references

processors: zzzUnity.Burst.CodeGen.BurstILPostProcessor

running zzzUnity.Burst.CodeGen.BurstILPostProcessor
[769/996    0s] ILPostProcess Library/Bee/artifacts/1900b0aE.dag/post-processed/Unity.AI.Navigation.dll (+pdb)
Processing assembly Library/Bee/artifacts/1900b0aE.dag/Unity.AI.Navigation.dll, with 120 defines and 234 references

processors: zzzUnity.Burst.CodeGen.BurstILPostProcessor

running zzzUnity.Burst.CodeGen.BurstILPostProcessor
[770/996    0s] ILPostProcess Library/Bee/artifacts/1900b0aE.dag/post-processed/Unity.Services.Core.Internal.dll (+pdb)
Processing assembly Library/Bee/artifacts/1900b0aE.dag/Unity.Services.Core.Internal.dll, with 119 defines and 235 references

processors: zzzUnity.Burst.CodeGen.BurstILPostProcessor

running zzzUnity.Burst.CodeGen.BurstILPostProcessor
[771/996    0s] ILPostProcess Library/Bee/artifacts/1900b0aE.dag/post-processed/Unity.Services.Core.dll (+pdb)
Processing assembly Library/Bee/artifacts/1900b0aE.dag/Unity.Services.Core.dll, with 119 defines and 234 references

processors: zzzUnity.Burst.CodeGen.BurstILPostProcessor

running zzzUnity.Burst.CodeGen.BurstILPostProcessor
[772/996    0s] ILPostProcess Library/Bee/artifacts/1900b0aE.dag/post-processed/lilToon.PCSS.Shaders.Runtime.dll (+pdb)
Processing assembly Library/Bee/artifacts/1900b0aE.dag/lilToon.PCSS.Shaders.Runtime.dll, with 120 defines and 237 references

processors: zzzUnity.Burst.CodeGen.BurstILPostProcessor

running zzzUnity.Burst.CodeGen.BurstILPostProcessor
[773/996    0s] ILPostProcess Library/Bee/artifacts/1900b0aE.dag/post-processed/Unity.Analytics.DataPrivacy.dll (+pdb)
Processing assembly Library/Bee/artifacts/1900b0aE.dag/Unity.Analytics.DataPrivacy.dll, with 119 defines and 234 references

processors: zzzUnity.Burst.CodeGen.BurstILPostProcessor

running zzzUnity.Burst.CodeGen.BurstILPostProcessor
[774/996    0s] ILPostProcess Library/Bee/artifacts/1900b0aE.dag/post-processed/UnityEngine.Purchasing.SecurityCore.dll (+pdb)
Processing assembly Library/Bee/artifacts/1900b0aE.dag/UnityEngine.Purchasing.SecurityCore.dll, with 119 defines and 234 references

processors: zzzUnity.Burst.CodeGen.BurstILPostProcessor

running zzzUnity.Burst.CodeGen.BurstILPostProcessor
[775/996    0s] ILPostProcess Library/Bee/artifacts/1900b0aE.dag/post-processed/Unity.Services.Core.Scheduler.dll (+pdb)
Processing assembly Library/Bee/artifacts/1900b0aE.dag/Unity.Services.Core.Scheduler.dll, with 119 defines and 236 references

processors: zzzUnity.Burst.CodeGen.BurstILPostProcessor

running zzzUnity.Burst.CodeGen.BurstILPostProcessor
[776/996    0s] ILPostProcess Library/Bee/artifacts/1900b0aE.dag/post-processed/Unity.Services.Core.Environments.Internal.dll (+pdb)
Processing assembly Library/Bee/artifacts/1900b0aE.dag/Unity.Services.Core.Environments.Internal.dll, with 119 defines and 235 references

processors: zzzUnity.Burst.CodeGen.BurstILPostProcessor

running zzzUnity.Burst.CodeGen.BurstILPostProcessor
[777/996    0s] ILPostProcess Library/Bee/artifacts/1900b0aE.dag/post-processed/Unity.RenderPipelines.Core.ShaderLibrary.dll (+pdb)
Processing assembly Library/Bee/artifacts/1900b0aE.dag/Unity.RenderPipelines.Core.ShaderLibrary.dll, with 119 defines and 234 references

processors: zzzUnity.Burst.CodeGen.BurstILPostProcessor

running zzzUnity.Burst.CodeGen.BurstILPostProcessor
[778/996    0s] ILPostProcess Library/Bee/artifacts/1900b0aE.dag/post-processed/Unity.Services.Analytics.dll (+pdb)
Processing assembly Library/Bee/artifacts/1900b0aE.dag/Unity.Services.Analytics.dll, with 119 defines and 228 references

processors: zzzUnity.Burst.CodeGen.BurstILPostProcessor

running zzzUnity.Burst.CodeGen.BurstILPostProcessor
[779/996    0s] ILPostProcess Library/Bee/artifacts/1900b0aE.dag/post-processed/Unity.RenderPipelines.Universal.Config.Runtime.dll (+pdb)
Processing assembly Library/Bee/artifacts/1900b0aE.dag/Unity.RenderPipelines.Universal.Config.Runtime.dll, with 119 defines and 235 references

processors: zzzUnity.Burst.CodeGen.BurstILPostProcessor

running zzzUnity.Burst.CodeGen.BurstILPostProcessor
[780/996    0s] ILPostProcess Library/Bee/artifacts/1900b0aE.dag/post-processed/Unity.RenderPipelines.ShaderGraph.ShaderGraphLibrary.dll (+pdb)
Processing assembly Library/Bee/artifacts/1900b0aE.dag/Unity.RenderPipelines.ShaderGraph.ShaderGraphLibrary.dll, with 119 defines and 234 references

processors: zzzUnity.Burst.CodeGen.BurstILPostProcessor

running zzzUnity.Burst.CodeGen.BurstILPostProcessor
[781/996    0s] ILPostProcess Library/Bee/artifacts/1900b0aE.dag/post-processed/UnityEngine.Purchasing.Codeless.dll (+pdb)
Processing assembly Library/Bee/artifacts/1900b0aE.dag/UnityEngine.Purchasing.Codeless.dll, with 119 defines and 237 references

processors: zzzUnity.Burst.CodeGen.BurstILPostProcessor

running zzzUnity.Burst.CodeGen.BurstILPostProcessor
[782/996    0s] ILPostProcess Library/Bee/artifacts/1900b0aE.dag/post-processed/Unity.RenderPipeline.Universal.ShaderLibrary.dll (+pdb)
Processing assembly Library/Bee/artifacts/1900b0aE.dag/Unity.RenderPipeline.Universal.ShaderLibrary.dll, with 119 defines and 235 references

processors: zzzUnity.Burst.CodeGen.BurstILPostProcessor

running zzzUnity.Burst.CodeGen.BurstILPostProcessor
[783/996    0s] ILPostProcess Library/Bee/artifacts/1900b0aE.dag/post-processed/UnityEngine.Advertisements.dll (+pdb)
Processing assembly Library/Bee/artifacts/1900b0aE.dag/UnityEngine.Advertisements.dll, with 119 defines and 234 references

processors: zzzUnity.Burst.CodeGen.BurstILPostProcessor

running zzzUnity.Burst.CodeGen.BurstILPostProcessor
[784/996    0s] ILPostProcess Library/Bee/artifacts/1900b0aE.dag/post-processed/Unity.RenderPipelines.Core.Runtime.dll (+pdb)
Processing assembly Library/Bee/artifacts/1900b0aE.dag/Unity.RenderPipelines.Core.Runtime.dll, with 121 defines and 234 references

processors: zzzUnity.Burst.CodeGen.BurstILPostProcessor

running zzzUnity.Burst.CodeGen.BurstILPostProcessor
[785/996    0s] ILPostProcess Library/Bee/artifacts/1900b0aE.dag/post-processed/Unity.TextMeshPro.dll (+pdb)
Processing assembly Library/Bee/artifacts/1900b0aE.dag/Unity.TextMeshPro.dll, with 119 defines and 234 references

processors: zzzUnity.Burst.CodeGen.BurstILPostProcessor

running zzzUnity.Burst.CodeGen.BurstILPostProcessor
[786/996    0s] ILPostProcess Library/Bee/artifacts/1900b0aE.dag/post-processed/Unity.Services.Core.Telemetry.dll (+pdb)
Processing assembly Library/Bee/artifacts/1900b0aE.dag/Unity.Services.Core.Telemetry.dll, with 119 defines and 236 references

processors: zzzUnity.Burst.CodeGen.BurstILPostProcessor

running zzzUnity.Burst.CodeGen.BurstILPostProcessor
[787/996    0s] ILPostProcess Library/Bee/artifacts/1900b0aE.dag/post-processed/Unity.Services.Core.Registration.dll (+pdb)
Processing assembly Library/Bee/artifacts/1900b0aE.dag/Unity.Services.Core.Registration.dll, with 119 defines and 243 references

processors: zzzUnity.Burst.CodeGen.BurstILPostProcessor

running zzzUnity.Burst.CodeGen.BurstILPostProcessor
[788/996    0s] ILPostProcess Library/Bee/artifacts/1900b0aE.dag/post-processed/UnityEngine.Purchasing.AppleMacosStub.dll (+pdb)
Processing assembly Library/Bee/artifacts/1900b0aE.dag/UnityEngine.Purchasing.AppleMacosStub.dll, with 119 defines and 236 references

processors: zzzUnity.Burst.CodeGen.BurstILPostProcessor

running zzzUnity.Burst.CodeGen.BurstILPostProcessor
[789/996    0s] ILPostProcess Library/Bee/artifacts/1900b0aE.dag/post-processed/UnityEngine.Purchasing.Stores.dll (+pdb)
Processing assembly Library/Bee/artifacts/1900b0aE.dag/UnityEngine.Purchasing.Stores.dll, with 119 defines and 237 references

processors: zzzUnity.Burst.CodeGen.BurstILPostProcessor

running zzzUnity.Burst.CodeGen.BurstILPostProcessor
[790/996    0s] ILPostProcess Library/Bee/artifacts/1900b0aE.dag/post-processed/Unity.Mathematics.dll (+pdb)
Processing assembly Library/Bee/artifacts/1900b0aE.dag/Unity.Mathematics.dll, with 119 defines and 234 references

processors: zzzUnity.Burst.CodeGen.BurstILPostProcessor

running zzzUnity.Burst.CodeGen.BurstILPostProcessor
[791/996    0s] ILPostProcess Library/Bee/artifacts/1900b0aE.dag/post-processed/Unity.Services.Core.Configuration.dll (+pdb)
Processing assembly Library/Bee/artifacts/1900b0aE.dag/Unity.Services.Core.Configuration.dll, with 119 defines and 236 references

processors: zzzUnity.Burst.CodeGen.BurstILPostProcessor

running zzzUnity.Burst.CodeGen.BurstILPostProcessor
[792/996    1s] ILPostProcess Library/Bee/artifacts/1900b0aE.dag/post-processed/UnityEngine.Purchasing.WinRTCore.dll (+pdb)
Processing assembly Library/Bee/artifacts/1900b0aE.dag/UnityEngine.Purchasing.WinRTCore.dll, with 119 defines and 234 references

processors: zzzUnity.Burst.CodeGen.BurstILPostProcessor

running zzzUnity.Burst.CodeGen.BurstILPostProcessor
[793/996    0s] ILPostProcess Library/Bee/artifacts/1900b0aE.dag/post-processed/UnityEngine.Purchasing.WinRTStub.dll (+pdb)
Processing assembly Library/Bee/artifacts/1900b0aE.dag/UnityEngine.Purchasing.WinRTStub.dll, with 119 defines and 235 references

processors: zzzUnity.Burst.CodeGen.BurstILPostProcessor

running zzzUnity.Burst.CodeGen.BurstILPostProcessor
[794/996    0s] ILPostProcess Library/Bee/artifacts/1900b0aE.dag/post-processed/Unity.Services.Core.Networking.dll (+pdb)
Processing assembly Library/Bee/artifacts/1900b0aE.dag/Unity.Services.Core.Networking.dll, with 119 defines and 236 references

processors: zzzUnity.Burst.CodeGen.BurstILPostProcessor

running zzzUnity.Burst.CodeGen.BurstILPostProcessor
[795/996    0s] ILPostProcess Library/Bee/artifacts/1900b0aE.dag/post-processed/UnityEngine.SpatialTracking.dll (+pdb)
Processing assembly Library/Bee/artifacts/1900b0aE.dag/UnityEngine.SpatialTracking.dll, with 119 defines and 234 references

processors: zzzUnity.Burst.CodeGen.BurstILPostProcessor

running zzzUnity.Burst.CodeGen.BurstILPostProcessor
[796/996    0s] ILPostProcess Library/Bee/artifacts/1900b0aE.dag/post-processed/UnityEngine.Purchasing.dll (+pdb)
Processing assembly Library/Bee/artifacts/1900b0aE.dag/UnityEngine.Purchasing.dll, with 120 defines and 239 references

processors: zzzUnity.Burst.CodeGen.BurstILPostProcessor

running zzzUnity.Burst.CodeGen.BurstILPostProcessor
[797/996    0s] ILPostProcess Library/Bee/artifacts/1900b0aE.dag/post-processed/Unity.Services.Core.Threading.dll (+pdb)
Processing assembly Library/Bee/artifacts/1900b0aE.dag/Unity.Services.Core.Threading.dll, with 119 defines and 236 references

processors: zzzUnity.Burst.CodeGen.BurstILPostProcessor

running zzzUnity.Burst.CodeGen.BurstILPostProcessor
[798/996    0s] ILPostProcess Library/Bee/artifacts/1900b0aE.dag/post-processed/UnityEngine.Purchasing.AppleCore.dll (+pdb)
Processing assembly Library/Bee/artifacts/1900b0aE.dag/UnityEngine.Purchasing.AppleCore.dll, with 119 defines and 235 references

processors: zzzUnity.Burst.CodeGen.BurstILPostProcessor

running zzzUnity.Burst.CodeGen.BurstILPostProcessor
[799/996    0s] ILPostProcess Library/Bee/artifacts/1900b0aE.dag/post-processed/UnityEngine.XR.LegacyInputHelpers.dll (+pdb)
Processing assembly Library/Bee/artifacts/1900b0aE.dag/UnityEngine.XR.LegacyInputHelpers.dll, with 119 defines and 235 references

processors: zzzUnity.Burst.CodeGen.BurstILPostProcessor

running zzzUnity.Burst.CodeGen.BurstILPostProcessor
[800/996    0s] ILPostProcess Library/Bee/artifacts/1900b0aE.dag/post-processed/Purchasing.Common.dll (+pdb)
Processing assembly Library/Bee/artifacts/1900b0aE.dag/Purchasing.Common.dll, with 119 defines and 236 references

processors: zzzUnity.Burst.CodeGen.BurstILPostProcessor

running zzzUnity.Burst.CodeGen.BurstILPostProcessor
[801/996    0s] ILPostProcess Library/Bee/artifacts/1900b0aE.dag/post-processed/Unity.Services.Core.Analytics.dll (+pdb)
Processing assembly Library/Bee/artifacts/1900b0aE.dag/Unity.Services.Core.Analytics.dll, with 119 defines and 235 references

processors: zzzUnity.Burst.CodeGen.BurstILPostProcessor

running zzzUnity.Burst.CodeGen.BurstILPostProcessor
[802/996    0s] ILPostProcess Library/Bee/artifacts/1900b0aE.dag/post-processed/lilToon.PCSS.Runtime.dll (+pdb)
Processing assembly Library/Bee/artifacts/1900b0aE.dag/lilToon.PCSS.Runtime.dll, with 120 defines and 237 references

processors: zzzUnity.Burst.CodeGen.BurstILPostProcessor

running zzzUnity.Burst.CodeGen.BurstILPostProcessor
[803/996    1s] ILPostProcess Library/Bee/artifacts/1900b0aE.dag/post-processed/Unity.Burst.dll (+pdb)
Processing assembly Library/Bee/artifacts/1900b0aE.dag/Unity.Burst.dll, with 119 defines and 227 references

processors: zzzUnity.Burst.CodeGen.BurstILPostProcessor

running zzzUnity.Burst.CodeGen.BurstILPostProcessor
[804/996    1s] ILPostProcess Library/Bee/artifacts/1900b0aE.dag/post-processed/Unity.RenderPipelines.Universal.Shaders.dll (+pdb)
Processing assembly Library/Bee/artifacts/1900b0aE.dag/Unity.RenderPipelines.Universal.Shaders.dll, with 119 defines and 234 references

processors: zzzUnity.Burst.CodeGen.BurstILPostProcessor

running zzzUnity.Burst.CodeGen.BurstILPostProcessor
[805/996    0s] ILPostProcess Library/Bee/artifacts/1900b0aE.dag/post-processed/UnityEngine.Purchasing.SecurityStub.dll (+pdb)
Processing assembly Library/Bee/artifacts/1900b0aE.dag/UnityEngine.Purchasing.SecurityStub.dll, with 119 defines and 235 references

processors: zzzUnity.Burst.CodeGen.BurstILPostProcessor

running zzzUnity.Burst.CodeGen.BurstILPostProcessor
[806/996    0s] ILPostProcess Library/Bee/artifacts/1900b0aE.dag/post-processed/Unity.Services.Core.Device.dll (+pdb)
Processing assembly Library/Bee/artifacts/1900b0aE.dag/Unity.Services.Core.Device.dll, with 119 defines and 235 references

processors: zzzUnity.Burst.CodeGen.BurstILPostProcessor

running zzzUnity.Burst.CodeGen.BurstILPostProcessor
[807/996    0s] ILPostProcess Library/Bee/artifacts/1900b0aE.dag/post-processed/UnityEngine.UI.dll (+pdb)
Processing assembly Library/Bee/artifacts/1900b0aE.dag/UnityEngine.UI.dll, with 124 defines and 232 references

processors: zzzUnity.Burst.CodeGen.BurstILPostProcessor

running zzzUnity.Burst.CodeGen.BurstILPostProcessor
[808/996    0s] ILPostProcess Library/Bee/artifacts/1900b0aE.dag/post-processed/UnityEditor.Purchasing.dll (+pdb)
Processing assembly Library/Bee/artifacts/1900b0aE.dag/UnityEditor.Purchasing.dll, with 118 defines and 240 references

processors: zzzUnity.Burst.CodeGen.BurstILPostProcessor

running zzzUnity.Burst.CodeGen.BurstILPostProcessor
[809/996    0s] ILPostProcess Library/Bee/artifacts/1900b0aE.dag/post-processed/UnityEditor.UI.dll (+pdb)
Processing assembly Library/Bee/artifacts/1900b0aE.dag/UnityEditor.UI.dll, with 120 defines and 240 references

processors: zzzUnity.Burst.CodeGen.BurstILPostProcessor

running zzzUnity.Burst.CodeGen.BurstILPostProcessor
[810/996    0s] ILPostProcess Library/Bee/artifacts/1900b0aE.dag/post-processed/Unity.Searcher.Editor.dll (+pdb)
Processing assembly Library/Bee/artifacts/1900b0aE.dag/Unity.Searcher.Editor.dll, with 117 defines and 241 references

processors: zzzUnity.Burst.CodeGen.BurstILPostProcessor

running zzzUnity.Burst.CodeGen.BurstILPostProcessor
[811/996    0s] ILPostProcess Library/Bee/artifacts/1900b0aE.dag/post-processed/Unity.Services.Core.Environments.dll (+pdb)
Processing assembly Library/Bee/artifacts/1900b0aE.dag/Unity.Services.Core.Environments.dll, with 119 defines and 236 references

processors: zzzUnity.Burst.CodeGen.BurstILPostProcessor

running zzzUnity.Burst.CodeGen.BurstILPostProcessor
[812/996    0s] ILPostProcess Library/Bee/artifacts/1900b0aE.dag/post-processed/Unity.Toolchain.Win-x86_64-Linux-x86_64.dll (+pdb)
Processing assembly Library/Bee/artifacts/1900b0aE.dag/Unity.Toolchain.Win-x86_64-Linux-x86_64.dll, with 117 defines and 243 references

processors: zzzUnity.Burst.CodeGen.BurstILPostProcessor

running zzzUnity.Burst.CodeGen.BurstILPostProcessor
[813/996    0s] ILPostProcess Library/Bee/artifacts/1900b0aE.dag/post-processed/UnityEngine.Advertisements.DevX.Editor.dll (+pdb)
Processing assembly Library/Bee/artifacts/1900b0aE.dag/UnityEngine.Advertisements.DevX.Editor.dll, with 118 defines and 235 references

processors: zzzUnity.Burst.CodeGen.BurstILPostProcessor

running zzzUnity.Burst.CodeGen.BurstILPostProcessor
[814/996    0s] ILPostProcess Library/Bee/artifacts/1900b0aE.dag/post-processed/Unity.Mathematics.Editor.dll (+pdb)
Processing assembly Library/Bee/artifacts/1900b0aE.dag/Unity.Mathematics.Editor.dll, with 117 defines and 242 references

processors: zzzUnity.Burst.CodeGen.BurstILPostProcessor

running zzzUnity.Burst.CodeGen.BurstILPostProcessor
[815/996    0s] ILPostProcess Library/Bee/artifacts/1900b0aE.dag/post-processed/Unity.2D.Sprite.Editor.dll (+pdb)
Processing assembly Library/Bee/artifacts/1900b0aE.dag/Unity.2D.Sprite.Editor.dll, with 117 defines and 241 references

processors: zzzUnity.Burst.CodeGen.BurstILPostProcessor

running zzzUnity.Burst.CodeGen.BurstILPostProcessor
[816/996    0s] ILPostProcess Library/Bee/artifacts/1900b0aE.dag/post-processed/UnityEngine.Advertisements.Editor.dll (+pdb)
Processing assembly Library/Bee/artifacts/1900b0aE.dag/UnityEngine.Advertisements.Editor.dll, with 117 defines and 241 references

processors: zzzUnity.Burst.CodeGen.BurstILPostProcessor

running zzzUnity.Burst.CodeGen.BurstILPostProcessor
[817/996    0s] ILPostProcess Library/Bee/artifacts/1900b0aE.dag/post-processed/Unity.SysrootPackage.Editor.dll (+pdb)
Processing assembly Library/Bee/artifacts/1900b0aE.dag/Unity.SysrootPackage.Editor.dll, with 117 defines and 241 references

processors: zzzUnity.Burst.CodeGen.BurstILPostProcessor

running zzzUnity.Burst.CodeGen.BurstILPostProcessor
[818/996    0s] ILPostProcess Library/Bee/artifacts/1900b0aE.dag/post-processed/Unity.RenderPipelines.Universal.Editor.dll (+pdb)
Processing assembly Library/Bee/artifacts/1900b0aE.dag/Unity.RenderPipelines.Universal.Editor.dll, with 118 defines and 247 references

processors: zzzUnity.Burst.CodeGen.BurstILPostProcessor

running zzzUnity.Burst.CodeGen.BurstILPostProcessor
[819/996    0s] ILPostProcess Library/Bee/artifacts/1900b0aE.dag/post-processed/Unity.ShaderGraph.Utilities.dll (+pdb)
Processing assembly Library/Bee/artifacts/1900b0aE.dag/Unity.ShaderGraph.Utilities.dll, with 117 defines and 241 references

processors: zzzUnity.Burst.CodeGen.BurstILPostProcessor

running zzzUnity.Burst.CodeGen.BurstILPostProcessor
[820/996    0s] ILPostProcess Library/Bee/artifacts/1900b0aE.dag/post-processed/Unity.AI.Navigation.Editor.ConversionSystem.dll (+pdb)
Processing assembly Library/Bee/artifacts/1900b0aE.dag/Unity.AI.Navigation.Editor.ConversionSystem.dll, with 117 defines and 241 references

processors: zzzUnity.Burst.CodeGen.BurstILPostProcessor

running zzzUnity.Burst.CodeGen.BurstILPostProcessor
[821/996    0s] ILPostProcess Library/Bee/artifacts/1900b0aE.dag/post-processed/Unity.Services.Core.Editor.dll (+pdb)
Processing assembly Library/Bee/artifacts/1900b0aE.dag/Unity.Services.Core.Editor.dll, with 118 defines and 250 references

processors: zzzUnity.Burst.CodeGen.BurstILPostProcessor

running zzzUnity.Burst.CodeGen.BurstILPostProcessor
[822/996    0s] ILPostProcess Library/Bee/artifacts/1900b0aE.dag/post-processed/UnityEditor.XR.LegacyInputHelpers.dll (+pdb)
Processing assembly Library/Bee/artifacts/1900b0aE.dag/UnityEditor.XR.LegacyInputHelpers.dll, with 119 defines and 244 references

processors: zzzUnity.Burst.CodeGen.BurstILPostProcessor

running zzzUnity.Burst.CodeGen.BurstILPostProcessor
[823/996    0s] ILPostProcess Library/Bee/artifacts/1900b0aE.dag/post-processed/Unity.AI.Navigation.Updater.dll (+pdb)
Processing assembly Library/Bee/artifacts/1900b0aE.dag/Unity.AI.Navigation.Updater.dll, with 117 defines and 244 references

processors: zzzUnity.Burst.CodeGen.BurstILPostProcessor

running zzzUnity.Burst.CodeGen.BurstILPostProcessor
[824/996    0s] ILPostProcess Library/Bee/artifacts/1900b0aE.dag/post-processed/Unity.AI.Navigation.Editor.dll (+pdb)
Processing assembly Library/Bee/artifacts/1900b0aE.dag/Unity.AI.Navigation.Editor.dll, with 117 defines and 243 references

processors: zzzUnity.Burst.CodeGen.BurstILPostProcessor

running zzzUnity.Burst.CodeGen.BurstILPostProcessor
[825/996    0s] ILPostProcess Library/Bee/artifacts/1900b0aE.dag/post-processed/Unity.ShaderGraph.Editor.dll (+pdb)
Processing assembly Library/Bee/artifacts/1900b0aE.dag/Unity.ShaderGraph.Editor.dll, with 117 defines and 245 references

processors: zzzUnity.Burst.CodeGen.BurstILPostProcessor

running zzzUnity.Burst.CodeGen.BurstILPostProcessor
[826/996    0s] ILPostProcess Library/Bee/artifacts/1900b0aE.dag/post-processed/UnityEditor.SpatialTracking.dll (+pdb)
Processing assembly Library/Bee/artifacts/1900b0aE.dag/UnityEditor.SpatialTracking.dll, with 117 defines and 242 references

processors: zzzUnity.Burst.CodeGen.BurstILPostProcessor

running zzzUnity.Burst.CodeGen.BurstILPostProcessor
[827/996    0s] ILPostProcess Library/Bee/artifacts/1900b0aE.dag/post-processed/Unity.TextMeshPro.Editor.dll (+pdb)
Processing assembly Library/Bee/artifacts/1900b0aE.dag/Unity.TextMeshPro.Editor.dll, with 117 defines and 242 references

processors: zzzUnity.Burst.CodeGen.BurstILPostProcessor

running zzzUnity.Burst.CodeGen.BurstILPostProcessor
[828/996    0s] ILPostProcess Library/Bee/artifacts/1900b0aE.dag/post-processed/Unity.Sysroot.Linux_x86_64.dll (+pdb)
Processing assembly Library/Bee/artifacts/1900b0aE.dag/Unity.Sysroot.Linux_x86_64.dll, with 117 defines and 242 references

processors: zzzUnity.Burst.CodeGen.BurstILPostProcessor

running zzzUnity.Burst.CodeGen.BurstILPostProcessor
[829/996    0s] ILPostProcess Library/Bee/artifacts/1900b0aE.dag/post-processed/Unity.Services.Analytics.Editor.dll (+pdb)
Processing assembly Library/Bee/artifacts/1900b0aE.dag/Unity.Services.Analytics.Editor.dll, with 117 defines and 245 references

processors: zzzUnity.Burst.CodeGen.BurstILPostProcessor

running zzzUnity.Burst.CodeGen.BurstILPostProcessor
[830/996    0s] ILPostProcess Library/Bee/artifacts/1900b0aE.dag/post-processed/Unity.PlasticSCM.Editor.dll (+pdb)
Processing assembly Library/Bee/artifacts/1900b0aE.dag/Unity.PlasticSCM.Editor.dll, with 117 defines and 235 references

processors: zzzUnity.Burst.CodeGen.BurstILPostProcessor

running zzzUnity.Burst.CodeGen.BurstILPostProcessor
[831/996    0s] CopyFiles Library/ScriptAssemblies/Unity.TextMeshPro.dll
[832/996    0s] CopyFiles Library/ScriptAssemblies/UnityEngine.XR.LegacyInputHelpers.dll
[833/996    0s] CopyFiles Library/ScriptAssemblies/lilToon.PCSS.Shaders.Runtime.dll
[834/996    0s] CopyFiles Library/ScriptAssemblies/Unity.RenderPipelines.ShaderGraph.ShaderGraphLibrary.dll
[835/996    0s] CopyFiles Library/ScriptAssemblies/UnityEngine.Purchasing.Codeless.dll
[836/996    0s] CopyFiles Library/ScriptAssemblies/Unity.Services.Analytics.dll
[837/996    0s] CopyFiles Library/ScriptAssemblies/UnityEngine.Purchasing.Stores.dll
[838/996    0s] CopyFiles Library/ScriptAssemblies/UnityEngine.Purchasing.WinRTCore.dll
[839/996    0s] CopyFiles Library/ScriptAssemblies/Unity.Services.Core.Analytics.dll
[840/996    0s] CopyFiles Library/ScriptAssemblies/Unity.Services.Core.Telemetry.dll
[841/996    0s] CopyFiles Library/ScriptAssemblies/Unity.Services.Core.Registration.dll
[842/996    0s] CopyFiles Library/ScriptAssemblies/Unity.RenderPipeline.Universal.ShaderLibrary.dll
[843/996    0s] CopyFiles Library/ScriptAssemblies/Unity.Services.Core.dll
[844/996    0s] CopyFiles Library/ScriptAssemblies/Purchasing.Common.dll
[845/996    0s] CopyFiles Library/ScriptAssemblies/Unity.Timeline.dll
[846/996    0s] CopyFiles Library/ScriptAssemblies/Unity.Services.Core.Device.dll
[847/996    0s] CopyFiles Library/ScriptAssemblies/lilToon.PCSS.Runtime.dll
[848/996    0s] CopyFiles Library/ScriptAssemblies/UnityEngine.Purchasing.SecurityStub.dll
[849/996    0s] CopyFiles Library/ScriptAssemblies/Unity.Services.Core.Networking.dll
[850/996    0s] CopyFiles Library/ScriptAssemblies/UnityEngine.Purchasing.AppleMacosStub.dll
[851/996    0s] CopyFiles Library/ScriptAssemblies/Unity.AI.Navigation.dll
[852/996    0s] CopyFiles Library/ScriptAssemblies/UnityEngine.Purchasing.WinRTStub.dll
[853/996    0s] CopyFiles Library/ScriptAssemblies/Unity.Services.Core.Configuration.dll
[854/996    0s] CopyFiles Library/ScriptAssemblies/Unity.Services.Core.Environments.dll
[855/996    0s] CopyFiles Library/ScriptAssemblies/Unity.Services.Core.Environments.Internal.dll
[856/996    0s] CopyFiles Library/ScriptAssemblies/Unity.Mathematics.dll
[857/996    0s] CopyFiles Library/ScriptAssemblies/UnityEngine.Advertisements.dll
[858/996    0s] CopyFiles Library/ScriptAssemblies/UnityEngine.Purchasing.AppleCore.dll
[859/996    0s] CopyFiles Library/ScriptAssemblies/Unity.Services.Core.Scheduler.dll
[860/996    0s] CopyFiles Library/ScriptAssemblies/UnityEngine.UI.dll
[861/996    0s] CopyFiles Library/ScriptAssemblies/UnityEngine.Purchasing.dll
[862/996    0s] CopyFiles Library/ScriptAssemblies/Unity.RenderPipelines.Universal.Config.Runtime.dll
[863/996    0s] CopyFiles Library/ScriptAssemblies/UnityEngine.Purchasing.SecurityCore.dll
[864/996    0s] CopyFiles Library/ScriptAssemblies/UnityEngine.SpatialTracking.dll
[865/996    0s] CopyFiles Library/ScriptAssemblies/Unity.Services.Core.Threading.dll
[866/996    0s] CopyFiles Library/ScriptAssemblies/Unity.RenderPipelines.Core.ShaderLibrary.dll
[867/996    0s] CopyFiles Library/ScriptAssemblies/UnityEngine.Purchasing.AppleStub.dll
[868/996    0s] ILPostProcess Library/Bee/artifacts/1900b0aE.dag/post-processed/Unity.2D.Tilemap.Editor.dll (+pdb)
Processing assembly Library/Bee/artifacts/1900b0aE.dag/Unity.2D.Tilemap.Editor.dll, with 117 defines and 241 references

processors: zzzUnity.Burst.CodeGen.BurstILPostProcessor

running zzzUnity.Burst.CodeGen.BurstILPostProcessor
[869/996    0s] CopyFiles Library/ScriptAssemblies/Unity.RenderPipelines.Universal.Shaders.dll
[870/996    0s] CopyFiles Library/ScriptAssemblies/Unity.Burst.dll
[871/996    0s] CopyFiles Library/ScriptAssemblies/Unity.Services.Core.Internal.dll
[872/996    0s] CopyFiles Library/ScriptAssemblies/Unity.Analytics.DataPrivacy.dll
[873/996    0s] CopyFiles Library/ScriptAssemblies/Unity.RenderPipelines.Core.Runtime.dll
[874/996    0s] CopyFiles Library/ScriptAssemblies/Unity.PlasticSCM.Editor.pdb
[875/996    0s] CopyFiles Library/ScriptAssemblies/Unity.Services.Analytics.Editor.dll
[876/996    0s] CopyFiles Library/ScriptAssemblies/Unity.Services.Analytics.Editor.pdb
[877/996    0s] CopyFiles Library/ScriptAssemblies/Unity.Sysroot.Linux_x86_64.dll
[878/996    0s] CopyFiles Library/ScriptAssemblies/Unity.Sysroot.Linux_x86_64.pdb
[879/996    0s] CopyFiles Library/ScriptAssemblies/Unity.TextMeshPro.Editor.pdb
[880/996    0s] CopyFiles Library/ScriptAssemblies/Unity.2D.Tilemap.Editor.pdb
[881/996    0s] CopyFiles Library/ScriptAssemblies/Unity.2D.Tilemap.Editor.dll
[882/996    0s] CopyFiles Library/ScriptAssemblies/UnityEditor.SpatialTracking.pdb
[883/996    0s] CopyFiles Library/ScriptAssemblies/UnityEditor.SpatialTracking.dll
[884/996    0s] CopyFiles Library/ScriptAssemblies/Unity.ShaderGraph.Editor.pdb
[885/996    0s] CopyFiles Library/ScriptAssemblies/Unity.ShaderGraph.Editor.dll
[886/996    0s] CopyFiles Library/ScriptAssemblies/Unity.AI.Navigation.Editor.pdb
[887/996    0s] CopyFiles Library/ScriptAssemblies/Unity.AI.Navigation.Editor.dll
[888/996    0s] CopyFiles Library/ScriptAssemblies/Unity.AI.Navigation.Updater.dll
[889/996    0s] CopyFiles Library/ScriptAssemblies/Unity.AI.Navigation.Updater.pdb
[890/996    0s] CopyFiles Library/ScriptAssemblies/UnityEditor.XR.LegacyInputHelpers.dll
[891/996    0s] CopyFiles Library/ScriptAssemblies/UnityEditor.XR.LegacyInputHelpers.pdb
[892/996    0s] CopyFiles Library/ScriptAssemblies/Unity.Services.Core.Editor.pdb
[893/996    0s] CopyFiles Library/ScriptAssemblies/Unity.Services.Core.Editor.dll
[894/996    0s] CopyFiles Library/ScriptAssemblies/Unity.AI.Navigation.Editor.ConversionSystem.pdb
[895/996    0s] CopyFiles Library/ScriptAssemblies/Unity.AI.Navigation.Editor.ConversionSystem.dll
[896/996    0s] CopyFiles Library/ScriptAssemblies/Unity.ShaderGraph.Utilities.dll
[897/996    0s] CopyFiles Library/ScriptAssemblies/Unity.ShaderGraph.Utilities.pdb
[898/996    0s] CopyFiles Library/ScriptAssemblies/Unity.RenderPipelines.Universal.Editor.dll
[899/996    0s] CopyFiles Library/ScriptAssemblies/Unity.RenderPipelines.Universal.Editor.pdb
[900/996    0s] CopyFiles Library/ScriptAssemblies/Unity.SysrootPackage.Editor.dll
[901/996    0s] CopyFiles Library/ScriptAssemblies/Unity.SysrootPackage.Editor.pdb
[902/996    0s] CopyFiles Library/ScriptAssemblies/UnityEngine.Advertisements.Editor.dll
[903/996    0s] CopyFiles Library/ScriptAssemblies/UnityEngine.Advertisements.Editor.pdb
[904/996    0s] CopyFiles Library/ScriptAssemblies/Unity.2D.Sprite.Editor.dll
[905/996    0s] CopyFiles Library/ScriptAssemblies/Unity.2D.Sprite.Editor.pdb
[906/996    0s] CopyFiles Library/ScriptAssemblies/Unity.Mathematics.Editor.pdb
[907/996    0s] CopyFiles Library/ScriptAssemblies/Unity.Mathematics.Editor.dll
[908/996    0s] CopyFiles Library/ScriptAssemblies/UnityEngine.Advertisements.DevX.Editor.dll
[909/996    0s] CopyFiles Library/ScriptAssemblies/UnityEngine.Advertisements.DevX.Editor.pdb
[910/996    0s] CopyFiles Library/ScriptAssemblies/Unity.Toolchain.Win-x86_64-Linux-x86_64.pdb
[911/996    0s] CopyFiles Library/ScriptAssemblies/Unity.Toolchain.Win-x86_64-Linux-x86_64.dll
[912/996    0s] CopyFiles Library/ScriptAssemblies/Unity.Services.Core.Environments.pdb
[913/996    0s] CopyFiles Library/ScriptAssemblies/Unity.Searcher.Editor.pdb
[914/996    0s] CopyFiles Library/ScriptAssemblies/Unity.Searcher.Editor.dll
[915/996    0s] CopyFiles Library/ScriptAssemblies/UnityEditor.UI.dll
[916/996    0s] CopyFiles Library/ScriptAssemblies/UnityEditor.UI.pdb
[917/996    0s] CopyFiles Library/ScriptAssemblies/UnityEditor.Purchasing.dll
[918/996    0s] CopyFiles Library/ScriptAssemblies/UnityEditor.Purchasing.pdb
[919/996    0s] CopyFiles Library/ScriptAssemblies/UnityEngine.UI.pdb
[920/996    0s] CopyFiles Library/ScriptAssemblies/Unity.Services.Core.Device.pdb
[921/996    0s] CopyFiles Library/ScriptAssemblies/UnityEngine.Purchasing.SecurityStub.pdb
[922/996    0s] CopyFiles Library/ScriptAssemblies/Unity.RenderPipelines.Universal.Shaders.pdb
[923/996    0s] CopyFiles Library/ScriptAssemblies/Unity.Burst.pdb
[924/996    0s] CopyFiles Library/ScriptAssemblies/lilToon.PCSS.Runtime.pdb
[925/996    0s] CopyFiles Library/ScriptAssemblies/Unity.Services.Core.Analytics.pdb
[926/996    0s] CopyFiles Library/ScriptAssemblies/Purchasing.Common.pdb
[927/996    0s] CopyFiles Library/ScriptAssemblies/UnityEngine.XR.LegacyInputHelpers.pdb
[928/996    0s] CopyFiles Library/ScriptAssemblies/UnityEngine.Purchasing.AppleCore.pdb
[929/996    0s] CopyFiles Library/ScriptAssemblies/Unity.Services.Core.Threading.pdb
[930/996    0s] CopyFiles Library/ScriptAssemblies/UnityEngine.Purchasing.pdb
[931/996    0s] CopyFiles Library/ScriptAssemblies/UnityEngine.SpatialTracking.pdb
[932/996    0s] CopyFiles Library/ScriptAssemblies/Unity.Services.Core.Networking.pdb
[933/996    0s] CopyFiles Library/ScriptAssemblies/UnityEngine.Purchasing.WinRTStub.pdb
[934/996    0s] CopyFiles Library/ScriptAssemblies/UnityEngine.Purchasing.WinRTCore.pdb
[935/996    0s] CopyFiles Library/ScriptAssemblies/Unity.Services.Core.Configuration.pdb
[936/996    0s] CopyFiles Library/ScriptAssemblies/Unity.Mathematics.pdb
[937/996    0s] CopyFiles Library/ScriptAssemblies/Unity.PlasticSCM.Editor.dll
[938/996    0s] CopyFiles Library/ScriptAssemblies/UnityEngine.Purchasing.Stores.pdb
[939/996    0s] CopyFiles Library/ScriptAssemblies/UnityEngine.Purchasing.AppleMacosStub.pdb
[940/996    0s] CopyFiles Library/ScriptAssemblies/Unity.Services.Core.Registration.pdb
[941/996    0s] CopyFiles Library/ScriptAssemblies/Unity.Services.Core.Telemetry.pdb
[942/996    0s] CopyFiles Library/ScriptAssemblies/Unity.TextMeshPro.pdb
[943/996    0s] CopyFiles Library/ScriptAssemblies/UnityEngine.Advertisements.pdb
[944/996    0s] CopyFiles Library/ScriptAssemblies/Unity.RenderPipelines.Core.Runtime.pdb
[945/996    0s] CopyFiles Library/ScriptAssemblies/UnityEngine.Purchasing.Codeless.pdb
[946/996    0s] CopyFiles Library/ScriptAssemblies/Unity.RenderPipeline.Universal.ShaderLibrary.pdb
[947/996    0s] CopyFiles Library/ScriptAssemblies/Unity.RenderPipelines.ShaderGraph.ShaderGraphLibrary.pdb
[948/996    0s] CopyFiles Library/ScriptAssemblies/Unity.RenderPipelines.Universal.Config.Runtime.pdb
[949/996    0s] CopyFiles Library/ScriptAssemblies/Unity.Services.Analytics.pdb
[950/996    0s] CopyFiles Library/ScriptAssemblies/Unity.RenderPipelines.Core.ShaderLibrary.pdb
[951/996    0s] CopyFiles Library/ScriptAssemblies/Unity.Services.Core.Environments.Internal.pdb
[952/996    0s] CopyFiles Library/ScriptAssemblies/Unity.Services.Core.Scheduler.pdb
[953/996    0s] CopyFiles Library/ScriptAssemblies/UnityEngine.Purchasing.SecurityCore.pdb
[954/996    0s] CopyFiles Library/ScriptAssemblies/Unity.Analytics.DataPrivacy.pdb
[955/996    0s] CopyFiles Library/ScriptAssemblies/lilToon.PCSS.Shaders.Runtime.pdb
[956/996    0s] CopyFiles Library/ScriptAssemblies/Unity.Services.Core.pdb
[957/996    0s] CopyFiles Library/ScriptAssemblies/Unity.Services.Core.Internal.pdb
[958/996    0s] CopyFiles Library/ScriptAssemblies/Unity.AI.Navigation.pdb
[959/996    0s] CopyFiles Library/ScriptAssemblies/Unity.Timeline.pdb
[960/996    0s] CopyFiles Library/ScriptAssemblies/UnityEngine.Purchasing.AppleStub.pdb
[961/996    0s] ILPostProcess Library/Bee/artifacts/1900b0aE.dag/post-processed/Unity.Services.Core.Configuration.Editor.dll (+pdb)
Processing assembly Library/Bee/artifacts/1900b0aE.dag/Unity.Services.Core.Configuration.Editor.dll, with 117 defines and 244 references

processors: zzzUnity.Burst.CodeGen.BurstILPostProcessor

running zzzUnity.Burst.CodeGen.BurstILPostProcessor
[962/996    0s] CopyFiles Library/ScriptAssemblies/Unity.Services.Core.Configuration.Editor.dll
[963/996    0s] CopyFiles Library/ScriptAssemblies/Unity.Services.Core.Configuration.Editor.pdb
[964/996    0s] ILPostProcess Library/Bee/artifacts/1900b0aE.dag/post-processed/Unity.Burst.Editor.dll (+pdb)
Processing assembly Library/Bee/artifacts/1900b0aE.dag/Unity.Burst.Editor.dll, with 117 defines and 242 references

processors: zzzUnity.Burst.CodeGen.BurstILPostProcessor

running zzzUnity.Burst.CodeGen.BurstILPostProcessor
[965/996    0s] ILPostProcess Library/Bee/artifacts/1900b0aE.dag/post-processed/Unity.CollabProxy.Editor.dll (+pdb)
Processing assembly Library/Bee/artifacts/1900b0aE.dag/Unity.CollabProxy.Editor.dll, with 117 defines and 242 references

processors: zzzUnity.Burst.CodeGen.BurstILPostProcessor

running zzzUnity.Burst.CodeGen.BurstILPostProcessor
[966/996    0s] ILPostProcess Library/Bee/artifacts/1900b0aE.dag/post-processed/Unity.Services.Core.Environments.Editor.dll (+pdb)
Processing assembly Library/Bee/artifacts/1900b0aE.dag/Unity.Services.Core.Environments.Editor.dll, with 117 defines and 246 references

processors: zzzUnity.Burst.CodeGen.BurstILPostProcessor

running zzzUnity.Burst.CodeGen.BurstILPostProcessor
[967/996    0s] CopyFiles Library/ScriptAssemblies/Unity.CollabProxy.Editor.dll
[968/996    0s] CopyFiles Library/ScriptAssemblies/Unity.CollabProxy.Editor.pdb
[969/996    0s] CopyFiles Library/ScriptAssemblies/Unity.Burst.Editor.pdb
[970/996    0s] CopyFiles Library/ScriptAssemblies/Unity.Services.Core.Environments.Editor.pdb
[971/996    0s] ILPostProcess Library/Bee/artifacts/1900b0aE.dag/post-processed/PPv2URPConverters.dll (+pdb)
Processing assembly Library/Bee/artifacts/1900b0aE.dag/PPv2URPConverters.dll, with 117 defines and 245 references

processors: zzzUnity.Burst.CodeGen.BurstILPostProcessor

running zzzUnity.Burst.CodeGen.BurstILPostProcessor
[972/996    1s] ILPostProcess Library/Bee/artifacts/1900b0aE.dag/post-processed/Unity.RenderPipelines.Core.Editor.dll (+pdb)
Processing assembly Library/Bee/artifacts/1900b0aE.dag/Unity.RenderPipelines.Core.Editor.dll, with 118 defines and 243 references

processors: zzzUnity.Burst.CodeGen.BurstILPostProcessor

running zzzUnity.Burst.CodeGen.BurstILPostProcessor
[973/996    0s] ILPostProcess Library/Bee/artifacts/1900b0aE.dag/post-processed/Unity.Timeline.Editor.dll (+pdb)
Processing assembly Library/Bee/artifacts/1900b0aE.dag/Unity.Timeline.Editor.dll, with 118 defines and 242 references

processors: zzzUnity.Burst.CodeGen.BurstILPostProcessor

running zzzUnity.Burst.CodeGen.BurstILPostProcessor
[974/996    0s] ILPostProcess Library/Bee/artifacts/1900b0aE.dag/post-processed/Analytics.dll (+pdb)
Processing assembly Library/Bee/artifacts/1900b0aE.dag/Analytics.dll, with 117 defines and 241 references

processors: zzzUnity.Burst.CodeGen.BurstILPostProcessor

running zzzUnity.Burst.CodeGen.BurstILPostProcessor
[975/996    0s] CopyFiles Library/ScriptAssemblies/PPv2URPConverters.pdb
[976/996    0s] CopyFiles Library/ScriptAssemblies/PPv2URPConverters.dll
[977/996    0s] CopyFiles Library/ScriptAssemblies/Unity.RenderPipelines.Core.Editor.pdb
[978/996    0s] CopyFiles Library/ScriptAssemblies/Unity.Timeline.Editor.pdb
[979/996    0s] CopyFiles Library/ScriptAssemblies/Analytics.pdb
[980/996    0s] CopyFiles Library/ScriptAssemblies/Analytics.dll
[981/996    2s] ILPostProcess Library/Bee/artifacts/1900b0aE.dag/post-processed/Unity.RenderPipelines.Universal.Runtime.dll (+pdb)
Processing assembly Library/Bee/artifacts/1900b0aE.dag/Unity.RenderPipelines.Universal.Runtime.dll, with 124 defines and 239 references

processors: zzzUnity.Burst.CodeGen.BurstILPostProcessor

running zzzUnity.Burst.CodeGen.BurstILPostProcessor
[982/996    0s] CopyFiles Library/ScriptAssemblies/Unity.RenderPipelines.Universal.Runtime.pdb
[983/996    0s] CopyFiles Library/ScriptAssemblies/Unity.Services.Core.Environments.Editor.dll
[984/996    0s] CopyFiles Library/ScriptAssemblies/Unity.RenderPipelines.Universal.Runtime.dll
[985/996    0s] CopyFiles Library/ScriptAssemblies/Unity.Timeline.Editor.dll
[986/996    0s] CopyFiles Library/ScriptAssemblies/Unity.Burst.Editor.dll
[987/996    0s] CopyFiles Library/ScriptAssemblies/Unity.TextMeshPro.Editor.dll
[988/996    0s] CopyFiles Library/ScriptAssemblies/Unity.RenderPipelines.Core.Editor.dll
[989/996    1s] Csc Library/Bee/artifacts/1900b0aE.dag/lilToon.PCSS.Editor.dll (+2 others)
##### CommandLine
"C:\Program Files\Unity\Hub\Editor\2022.3.22f1\Editor\Data\NetCoreRuntime\dotnet.exe" exec "C:/Program Files/Unity/Hub/Editor/2022.3.22f1/Editor/Data/DotNetSdkRoslyn/csc.dll" /nostdlib /noconfig /shared "@Library/Bee/artifacts/1900b0aE.dag/lilToon.PCSS.Editor.rsp" "@Library/Bee/artifacts/1900b0aE.dag/lilToon.PCSS.Editor.rsp2"
##### Contents of Library\Bee\artifacts\1900b0aE.dag\lilToon.PCSS.Editor.rsp
-target:library

-out:"Library/Bee/artifacts/1900b0aE.dag/lilToon.PCSS.Editor.dll"

-refout:"Library/Bee/artifacts/1900b0aE.dag/lilToon.PCSS.Editor.ref.dll"

-define:UNITY_2022_3_22

-define:UNITY_2022_3

-define:UNITY_2022

-define:UNITY_5_3_OR_NEWER

-define:UNITY_5_4_OR_NEWER

-define:UNITY_5_5_OR_NEWER

-define:UNITY_5_6_OR_NEWER

-define:UNITY_2017_1_OR_NEWER

-define:UNITY_2017_2_OR_NEWER

-define:UNITY_2017_3_OR_NEWER

-define:UNITY_2017_4_OR_NEWER

-define:UNITY_2018_1_OR_NEWER

-define:UNITY_2018_2_OR_NEWER

-define:UNITY_2018_3_OR_NEWER

-define:UNITY_2018_4_OR_NEWER

-define:UNITY_2019_1_OR_NEWER

-define:UNITY_2019_2_OR_NEWER

-define:UNITY_2019_3_OR_NEWER

-define:UNITY_2019_4_OR_NEWER

-define:UNITY_2020_1_OR_NEWER

-define:UNITY_2020_2_OR_NEWER

-define:UNITY_2020_3_OR_NEWER

-define:UNITY_2021_1_OR_NEWER

-define:UNITY_2021_2_OR_NEWER

-define:UNITY_2021_3_OR_NEWER

-define:UNITY_2022_1_OR_NEWER

-define:UNITY_2022_2_OR_NEWER

-define:UNITY_2022_3_OR_NEWER

-define:PLATFORM_ARCH_64

-define:UNITY_64

-define:UNITY_INCLUDE_TESTS

-define:ENABLE_AR

-define:ENABLE_AUDIO

-define:ENABLE_CACHING

-define:ENABLE_CLOTH

-define:ENABLE_EVENT_QUEUE

-define:ENABLE_MICROPHONE

-define:ENABLE_MULTIPLE_DISPLAYS

-define:ENABLE_PHYSICS

-define:ENABLE_TEXTURE_STREAMING

-define:ENABLE_VIRTUALTEXTURING

-define:ENABLE_LZMA

-define:ENABLE_UNITYEVENTS

-define:ENABLE_VR

-define:ENABLE_WEBCAM

-define:ENABLE_UNITYWEBREQUEST

-define:ENABLE_WWW

-define:ENABLE_CLOUD_SERVICES

-define:ENABLE_CLOUD_SERVICES_ADS

-define:ENABLE_CLOUD_SERVICES_USE_WEBREQUEST

-define:ENABLE_CLOUD_SERVICES_CRASH_REPORTING

-define:ENABLE_CLOUD_SERVICES_PURCHASING

-define:ENABLE_CLOUD_SERVICES_ANALYTICS

-define:ENABLE_CLOUD_SERVICES_BUILD

-define:ENABLE_EDITOR_GAME_SERVICES

-define:ENABLE_UNITY_GAME_SERVICES_ANALYTICS_SUPPORT

-define:ENABLE_CLOUD_LICENSE

-define:ENABLE_EDITOR_HUB_LICENSE

-define:ENABLE_WEBSOCKET_CLIENT

-define:ENABLE_GENERATE_NATIVE_PLUGINS_FOR_ASSEMBLIES_API

-define:ENABLE_DIRECTOR_AUDIO

-define:ENABLE_DIRECTOR_TEXTURE

-define:ENABLE_MANAGED_JOBS

-define:ENABLE_MANAGED_TRANSFORM_JOBS

-define:ENABLE_MANAGED_ANIMATION_JOBS

-define:ENABLE_MANAGED_AUDIO_JOBS

-define:ENABLE_MANAGED_UNITYTLS

-define:INCLUDE_DYNAMIC_GI

-define:ENABLE_SCRIPTING_GC_WBARRIERS

-define:PLATFORM_SUPPORTS_MONO

-define:RENDER_SOFTWARE_CURSOR

-define:ENABLE_VIDEO

-define:ENABLE_ACCELERATOR_CLIENT_DEBUGGING

-define:ENABLE_NAVIGATION_PACKAGE_DEBUG_VISUALIZATION

-define:ENABLE_NAVIGATION_HEIGHTMESH_RUNTIME_SUPPORT

-define:ENABLE_NAVIGATION_UI_REQUIRES_PACKAGE

-define:PLATFORM_STANDALONE

-define:TEXTCORE_1_0_OR_NEWER

-define:PLATFORM_STANDALONE_WIN

-define:UNITY_STANDALONE_WIN

-define:UNITY_STANDALONE

-define:ENABLE_RUNTIME_GI

-define:ENABLE_MOVIES

-define:ENABLE_NETWORK

-define:ENABLE_NVIDIA

-define:ENABLE_CRUNCH_TEXTURE_COMPRESSION

-define:ENABLE_OUT_OF_PROCESS_CRASH_HANDLER

-define:ENABLE_CLUSTER_SYNC

-define:ENABLE_CLUSTERINPUT

-define:PLATFORM_UPDATES_TIME_OUTSIDE_OF_PLAYER_LOOP

-define:GFXDEVICE_WAITFOREVENT_MESSAGEPUMP

-define:PLATFORM_INITIALIZES_MEMORY_MANAGER_EXPLICITLY

-define:ENABLE_MONO

-define:NET_4_6

-define:NET_UNITY_4_8

-define:ENABLE_PROFILER

-define:DEBUG

-define:TRACE

-define:UNITY_ASSERTIONS

-define:UNITY_EDITOR

-define:UNITY_EDITOR_64

-define:UNITY_EDITOR_WIN

-define:ENABLE_UNITY_COLLECTIONS_CHECKS

-define:ENABLE_BURST_AOT

-define:UNITY_TEAM_LICENSE

-define:ENABLE_CUSTOM_RENDER_TEXTURE

-define:ENABLE_DIRECTOR

-define:ENABLE_LOCALIZATION

-define:ENABLE_SPRITES

-define:ENABLE_TERRAIN

-define:ENABLE_TILEMAP

-define:ENABLE_TIMELINE

-define:ENABLE_LEGACY_INPUT_MANAGER

-define:TEXTCORE_FONT_ENGINE_1_5_OR_NEWER

-define:CSHARP_7_OR_LATER

-define:CSHARP_7_3_OR_NEWER

-define:UNITY_EDITOR_ONLY_COMPILATION

-r:"C:/Program Files/Unity/Hub/Editor/2022.3.22f1/Editor/Data/Managed/UnityEditor.Graphs.dll"

-r:"C:/Program Files/Unity/Hub/Editor/2022.3.22f1/Editor/Data/Managed/UnityEngine/UnityEditor.CoreModule.dll"

-r:"C:/Program Files/Unity/Hub/Editor/2022.3.22f1/Editor/Data/Managed/UnityEngine/UnityEditor.DeviceSimulatorModule.dll"

-r:"C:/Program Files/Unity/Hub/Editor/2022.3.22f1/Editor/Data/Managed/UnityEngine/UnityEditor.DiagnosticsModule.dll"

-r:"C:/Program Files/Unity/Hub/Editor/2022.3.22f1/Editor/Data/Managed/UnityEngine/UnityEditor.dll"

-r:"C:/Program Files/Unity/Hub/Editor/2022.3.22f1/Editor/Data/Managed/UnityEngine/UnityEditor.EditorToolbarModule.dll"

-r:"C:/Program Files/Unity/Hub/Editor/2022.3.22f1/Editor/Data/Managed/UnityEngine/UnityEditor.GraphViewModule.dll"

-r:"C:/Program Files/Unity/Hub/Editor/2022.3.22f1/Editor/Data/Managed/UnityEngine/UnityEditor.PresetsUIModule.dll"

-r:"C:/Program Files/Unity/Hub/Editor/2022.3.22f1/Editor/Data/Managed/UnityEngine/UnityEditor.QuickSearchModule.dll"

-r:"C:/Program Files/Unity/Hub/Editor/2022.3.22f1/Editor/Data/Managed/UnityEngine/UnityEditor.SceneTemplateModule.dll"

-r:"C:/Program Files/Unity/Hub/Editor/2022.3.22f1/Editor/Data/Managed/UnityEngine/UnityEditor.SceneViewModule.dll"

-r:"C:/Program Files/Unity/Hub/Editor/2022.3.22f1/Editor/Data/Managed/UnityEngine/UnityEditor.TextCoreFontEngineModule.dll"

-r:"C:/Program Files/Unity/Hub/Editor/2022.3.22f1/Editor/Data/Managed/UnityEngine/UnityEditor.TextCoreTextEngineModule.dll"

-r:"C:/Program Files/Unity/Hub/Editor/2022.3.22f1/Editor/Data/Managed/UnityEngine/UnityEditor.UIBuilderModule.dll"

-r:"C:/Program Files/Unity/Hub/Editor/2022.3.22f1/Editor/Data/Managed/UnityEngine/UnityEditor.UIElementsModule.dll"

-r:"C:/Program Files/Unity/Hub/Editor/2022.3.22f1/Editor/Data/Managed/UnityEngine/UnityEditor.UIElementsSamplesModule.dll"

-r:"C:/Program Files/Unity/Hub/Editor/2022.3.22f1/Editor/Data/Managed/UnityEngine/UnityEditor.UnityConnectModule.dll"

-r:"C:/Program Files/Unity/Hub/Editor/2022.3.22f1/Editor/Data/Managed/UnityEngine/UnityEngine.AccessibilityModule.dll"

-r:"C:/Program Files/Unity/Hub/Editor/2022.3.22f1/Editor/Data/Managed/UnityEngine/UnityEngine.AIModule.dll"

-r:"C:/Program Files/Unity/Hub/Editor/2022.3.22f1/Editor/Data/Managed/UnityEngine/UnityEngine.AndroidJNIModule.dll"

-r:"C:/Program Files/Unity/Hub/Editor/2022.3.22f1/Editor/Data/Managed/UnityEngine/UnityEngine.AnimationModule.dll"

-r:"C:/Program Files/Unity/Hub/Editor/2022.3.22f1/Editor/Data/Managed/UnityEngine/UnityEngine.ARModule.dll"

-r:"C:/Program Files/Unity/Hub/Editor/2022.3.22f1/Editor/Data/Managed/UnityEngine/UnityEngine.AssetBundleModule.dll"

-r:"C:/Program Files/Unity/Hub/Editor/2022.3.22f1/Editor/Data/Managed/UnityEngine/UnityEngine.AudioModule.dll"

-r:"C:/Program Files/Unity/Hub/Editor/2022.3.22f1/Editor/Data/Managed/UnityEngine/UnityEngine.ClothModule.dll"

-r:"C:/Program Files/Unity/Hub/Editor/2022.3.22f1/Editor/Data/Managed/UnityEngine/UnityEngine.ClusterInputModule.dll"

-r:"C:/Program Files/Unity/Hub/Editor/2022.3.22f1/Editor/Data/Managed/UnityEngine/UnityEngine.ClusterRendererModule.dll"

-r:"C:/Program Files/Unity/Hub/Editor/2022.3.22f1/Editor/Data/Managed/UnityEngine/UnityEngine.ContentLoadModule.dll"

-r:"C:/Program Files/Unity/Hub/Editor/2022.3.22f1/Editor/Data/Managed/UnityEngine/UnityEngine.CoreModule.dll"

-r:"C:/Program Files/Unity/Hub/Editor/2022.3.22f1/Editor/Data/Managed/UnityEngine/UnityEngine.CrashReportingModule.dll"

-r:"C:/Program Files/Unity/Hub/Editor/2022.3.22f1/Editor/Data/Managed/UnityEngine/UnityEngine.DirectorModule.dll"

-r:"C:/Program Files/Unity/Hub/Editor/2022.3.22f1/Editor/Data/Managed/UnityEngine/UnityEngine.dll"

-r:"C:/Program Files/Unity/Hub/Editor/2022.3.22f1/Editor/Data/Managed/UnityEngine/UnityEngine.DSPGraphModule.dll"

-r:"C:/Program Files/Unity/Hub/Editor/2022.3.22f1/Editor/Data/Managed/UnityEngine/UnityEngine.GameCenterModule.dll"

-r:"C:/Program Files/Unity/Hub/Editor/2022.3.22f1/Editor/Data/Managed/UnityEngine/UnityEngine.GIModule.dll"

-r:"C:/Program Files/Unity/Hub/Editor/2022.3.22f1/Editor/Data/Managed/UnityEngine/UnityEngine.GridModule.dll"

-r:"C:/Program Files/Unity/Hub/Editor/2022.3.22f1/Editor/Data/Managed/UnityEngine/UnityEngine.HotReloadModule.dll"

-r:"C:/Program Files/Unity/Hub/Editor/2022.3.22f1/Editor/Data/Managed/UnityEngine/UnityEngine.ImageConversionModule.dll"

-r:"C:/Program Files/Unity/Hub/Editor/2022.3.22f1/Editor/Data/Managed/UnityEngine/UnityEngine.IMGUIModule.dll"

-r:"C:/Program Files/Unity/Hub/Editor/2022.3.22f1/Editor/Data/Managed/UnityEngine/UnityEngine.InputLegacyModule.dll"

-r:"C:/Program Files/Unity/Hub/Editor/2022.3.22f1/Editor/Data/Managed/UnityEngine/UnityEngine.InputModule.dll"

-r:"C:/Program Files/Unity/Hub/Editor/2022.3.22f1/Editor/Data/Managed/UnityEngine/UnityEngine.JSONSerializeModule.dll"

-r:"C:/Program Files/Unity/Hub/Editor/2022.3.22f1/Editor/Data/Managed/UnityEngine/UnityEngine.LocalizationModule.dll"

-r:"C:/Program Files/Unity/Hub/Editor/2022.3.22f1/Editor/Data/Managed/UnityEngine/UnityEngine.NVIDIAModule.dll"

-r:"C:/Program Files/Unity/Hub/Editor/2022.3.22f1/Editor/Data/Managed/UnityEngine/UnityEngine.ParticleSystemModule.dll"

-r:"C:/Program Files/Unity/Hub/Editor/2022.3.22f1/Editor/Data/Managed/UnityEngine/UnityEngine.PerformanceReportingModule.dll"

-r:"C:/Program Files/Unity/Hub/Editor/2022.3.22f1/Editor/Data/Managed/UnityEngine/UnityEngine.Physics2DModule.dll"

-r:"C:/Program Files/Unity/Hub/Editor/2022.3.22f1/Editor/Data/Managed/UnityEngine/UnityEngine.PhysicsModule.dll"

-r:"C:/Program Files/Unity/Hub/Editor/2022.3.22f1/Editor/Data/Managed/UnityEngine/UnityEngine.ProfilerModule.dll"

-r:"C:/Program Files/Unity/Hub/Editor/2022.3.22f1/Editor/Data/Managed/UnityEngine/UnityEngine.PropertiesModule.dll"

-r:"C:/Program Files/Unity/Hub/Editor/2022.3.22f1/Editor/Data/Managed/UnityEngine/UnityEngine.RuntimeInitializeOnLoadManagerInitializerModule.dll"

-r:"C:/Program Files/Unity/Hub/Editor/2022.3.22f1/Editor/Data/Managed/UnityEngine/UnityEngine.ScreenCaptureModule.dll"

-r:"C:/Program Files/Unity/Hub/Editor/2022.3.22f1/Editor/Data/Managed/UnityEngine/UnityEngine.SharedInternalsModule.dll"

-r:"C:/Program Files/Unity/Hub/Editor/2022.3.22f1/Editor/Data/Managed/UnityEngine/UnityEngine.SpriteMaskModule.dll"

-r:"C:/Program Files/Unity/Hub/Editor/2022.3.22f1/Editor/Data/Managed/UnityEngine/UnityEngine.SpriteShapeModule.dll"

-r:"C:/Program Files/Unity/Hub/Editor/2022.3.22f1/Editor/Data/Managed/UnityEngine/UnityEngine.StreamingModule.dll"

-r:"C:/Program Files/Unity/Hub/Editor/2022.3.22f1/Editor/Data/Managed/UnityEngine/UnityEngine.SubstanceModule.dll"

-r:"C:/Program Files/Unity/Hub/Editor/2022.3.22f1/Editor/Data/Managed/UnityEngine/UnityEngine.SubsystemsModule.dll"

-r:"C:/Program Files/Unity/Hub/Editor/2022.3.22f1/Editor/Data/Managed/UnityEngine/UnityEngine.TerrainModule.dll"

-r:"C:/Program Files/Unity/Hub/Editor/2022.3.22f1/Editor/Data/Managed/UnityEngine/UnityEngine.TerrainPhysicsModule.dll"

-r:"C:/Program Files/Unity/Hub/Editor/2022.3.22f1/Editor/Data/Managed/UnityEngine/UnityEngine.TextCoreFontEngineModule.dll"

-r:"C:/Program Files/Unity/Hub/Editor/2022.3.22f1/Editor/Data/Managed/UnityEngine/UnityEngine.TextCoreTextEngineModule.dll"

-r:"C:/Program Files/Unity/Hub/Editor/2022.3.22f1/Editor/Data/Managed/UnityEngine/UnityEngine.TextRenderingModule.dll"

-r:"C:/Program Files/Unity/Hub/Editor/2022.3.22f1/Editor/Data/Managed/UnityEngine/UnityEngine.TilemapModule.dll"

-r:"C:/Program Files/Unity/Hub/Editor/2022.3.22f1/Editor/Data/Managed/UnityEngine/UnityEngine.TLSModule.dll"

-r:"C:/Program Files/Unity/Hub/Editor/2022.3.22f1/Editor/Data/Managed/UnityEngine/UnityEngine.UIElementsModule.dll"

-r:"C:/Program Files/Unity/Hub/Editor/2022.3.22f1/Editor/Data/Managed/UnityEngine/UnityEngine.UIModule.dll"

-r:"C:/Program Files/Unity/Hub/Editor/2022.3.22f1/Editor/Data/Managed/UnityEngine/UnityEngine.UmbraModule.dll"

-r:"C:/Program Files/Unity/Hub/Editor/2022.3.22f1/Editor/Data/Managed/UnityEngine/UnityEngine.UnityAnalyticsCommonModule.dll"

-r:"C:/Program Files/Unity/Hub/Editor/2022.3.22f1/Editor/Data/Managed/UnityEngine/UnityEngine.UnityAnalyticsModule.dll"

-r:"C:/Program Files/Unity/Hub/Editor/2022.3.22f1/Editor/Data/Managed/UnityEngine/UnityEngine.UnityConnectModule.dll"

-r:"C:/Program Files/Unity/Hub/Editor/2022.3.22f1/Editor/Data/Managed/UnityEngine/UnityEngine.UnityCurlModule.dll"

-r:"C:/Program Files/Unity/Hub/Editor/2022.3.22f1/Editor/Data/Managed/UnityEngine/UnityEngine.UnityTestProtocolModule.dll"

-r:"C:/Program Files/Unity/Hub/Editor/2022.3.22f1/Editor/Data/Managed/UnityEngine/UnityEngine.UnityWebRequestAssetBundleModule.dll"

-r:"C:/Program Files/Unity/Hub/Editor/2022.3.22f1/Editor/Data/Managed/UnityEngine/UnityEngine.UnityWebRequestAudioModule.dll"

-r:"C:/Program Files/Unity/Hub/Editor/2022.3.22f1/Editor/Data/Managed/UnityEngine/UnityEngine.UnityWebRequestModule.dll"

-r:"C:/Program Files/Unity/Hub/Editor/2022.3.22f1/Editor/Data/Managed/UnityEngine/UnityEngine.UnityWebRequestTextureModule.dll"

-r:"C:/Program Files/Unity/Hub/Editor/2022.3.22f1/Editor/Data/Managed/UnityEngine/UnityEngine.UnityWebRequestWWWModule.dll"

-r:"C:/Program Files/Unity/Hub/Editor/2022.3.22f1/Editor/Data/Managed/UnityEngine/UnityEngine.VehiclesModule.dll"

-r:"C:/Program Files/Unity/Hub/Editor/2022.3.22f1/Editor/Data/Managed/UnityEngine/UnityEngine.VFXModule.dll"

-r:"C:/Program Files/Unity/Hub/Editor/2022.3.22f1/Editor/Data/Managed/UnityEngine/UnityEngine.VideoModule.dll"

-r:"C:/Program Files/Unity/Hub/Editor/2022.3.22f1/Editor/Data/Managed/UnityEngine/UnityEngine.VirtualTexturingModule.dll"

-r:"C:/Program Files/Unity/Hub/Editor/2022.3.22f1/Editor/Data/Managed/UnityEngine/UnityEngine.VRModule.dll"

-r:"C:/Program Files/Unity/Hub/Editor/2022.3.22f1/Editor/Data/Managed/UnityEngine/UnityEngine.WindModule.dll"

-r:"C:/Program Files/Unity/Hub/Editor/2022.3.22f1/Editor/Data/Managed/UnityEngine/UnityEngine.XRModule.dll"

-r:"C:/Program Files/Unity/Hub/Editor/2022.3.22f1/Editor/Data/PlaybackEngines/AndroidPlayer/Unity.Android.Gradle.dll"

-r:"C:/Program Files/Unity/Hub/Editor/2022.3.22f1/Editor/Data/PlaybackEngines/AndroidPlayer/Unity.Android.GradleProject.dll"

-r:"C:/Program Files/Unity/Hub/Editor/2022.3.22f1/Editor/Data/PlaybackEngines/AndroidPlayer/Unity.Android.Types.dll"

-r:"C:/Program Files/Unity/Hub/Editor/2022.3.22f1/Editor/Data/PlaybackEngines/AndroidPlayer/UnityEditor.Android.Extensions.dll"

-r:"C:/Program Files/Unity/Hub/Editor/2022.3.22f1/Editor/Data/PlaybackEngines/AppleTVSupport/UnityEditor.AppleTV.Extensions.dll"

-r:"C:/Program Files/Unity/Hub/Editor/2022.3.22f1/Editor/Data/PlaybackEngines/AppleTVSupport/UnityEditor.iOS.Extensions.Xcode.dll"

-r:"C:/Program Files/Unity/Hub/Editor/2022.3.22f1/Editor/Data/PlaybackEngines/iOSSupport/UnityEditor.iOS.Extensions.Common.dll"

-r:"C:/Program Files/Unity/Hub/Editor/2022.3.22f1/Editor/Data/PlaybackEngines/iOSSupport/UnityEditor.iOS.Extensions.dll"

-r:"C:/Program Files/Unity/Hub/Editor/2022.3.22f1/Editor/Data/PlaybackEngines/iOSSupport/UnityEditor.iOS.Extensions.Xcode.dll"

-r:"C:/Program Files/Unity/Hub/Editor/2022.3.22f1/Editor/Data/PlaybackEngines/LinuxStandaloneSupport/UnityEditor.LinuxStandalone.Extensions.dll"

-r:"C:/Program Files/Unity/Hub/Editor/2022.3.22f1/Editor/Data/PlaybackEngines/MacStandaloneSupport/UnityEditor.iOS.Extensions.Xcode.dll"

-r:"C:/Program Files/Unity/Hub/Editor/2022.3.22f1/Editor/Data/PlaybackEngines/MacStandaloneSupport/UnityEditor.OSXStandalone.Extensions.dll"

-r:"C:/Program Files/Unity/Hub/Editor/2022.3.22f1/Editor/Data/PlaybackEngines/MetroSupport/UnityEditor.UWP.Extensions.dll"

-r:"C:/Program Files/Unity/Hub/Editor/2022.3.22f1/Editor/Data/PlaybackEngines/VisionOSPlayer/UnityEditor.iOS.Extensions.Common.dll"

-r:"C:/Program Files/Unity/Hub/Editor/2022.3.22f1/Editor/Data/PlaybackEngines/VisionOSPlayer/UnityEditor.iOS.Extensions.Xcode.dll"

-r:"C:/Program Files/Unity/Hub/Editor/2022.3.22f1/Editor/Data/PlaybackEngines/VisionOSPlayer/UnityEditor.VisionOS.Extensions.dll"

-r:"C:/Program Files/Unity/Hub/Editor/2022.3.22f1/Editor/Data/PlaybackEngines/WebGLSupport/UnityEditor.WebGL.Extensions.dll"

-r:"C:/Program Files/Unity/Hub/Editor/2022.3.22f1/Editor/Data/PlaybackEngines/WindowsStandaloneSupport/UnityEditor.WindowsStandalone.Extensions.dll"

-r:"C:/Program Files/Unity/Hub/Editor/2022.3.22f1/Editor/Data/UnityReferenceAssemblies/unity-4.8-api/Facades/Microsoft.Win32.Primitives.dll"

-r:"C:/Program Files/Unity/Hub/Editor/2022.3.22f1/Editor/Data/UnityReferenceAssemblies/unity-4.8-api/Facades/netstandard.dll"

-r:"C:/Program Files/Unity/Hub/Editor/2022.3.22f1/Editor/Data/UnityReferenceAssemblies/unity-4.8-api/Facades/System.AppContext.dll"

-r:"C:/Program Files/Unity/Hub/Editor/2022.3.22f1/Editor/Data/UnityReferenceAssemblies/unity-4.8-api/Facades/System.Buffers.dll"

-r:"C:/Program Files/Unity/Hub/Editor/2022.3.22f1/Editor/Data/UnityReferenceAssemblies/unity-4.8-api/Facades/System.Collections.Concurrent.dll"

-r:"C:/Program Files/Unity/Hub/Editor/2022.3.22f1/Editor/Data/UnityReferenceAssemblies/unity-4.8-api/Facades/System.Collections.dll"

-r:"C:/Program Files/Unity/Hub/Editor/2022.3.22f1/Editor/Data/UnityReferenceAssemblies/unity-4.8-api/Facades/System.Collections.NonGeneric.dll"

-r:"C:/Program Files/Unity/Hub/Editor/2022.3.22f1/Editor/Data/UnityReferenceAssemblies/unity-4.8-api/Facades/System.Collections.Specialized.dll"

-r:"C:/Program Files/Unity/Hub/Editor/2022.3.22f1/Editor/Data/UnityReferenceAssemblies/unity-4.8-api/Facades/System.ComponentModel.Annotations.dll"

-r:"C:/Program Files/Unity/Hub/Editor/2022.3.22f1/Editor/Data/UnityReferenceAssemblies/unity-4.8-api/Facades/System.ComponentModel.dll"

-r:"C:/Program Files/Unity/Hub/Editor/2022.3.22f1/Editor/Data/UnityReferenceAssemblies/unity-4.8-api/Facades/System.ComponentModel.EventBasedAsync.dll"

-r:"C:/Program Files/Unity/Hub/Editor/2022.3.22f1/Editor/Data/UnityReferenceAssemblies/unity-4.8-api/Facades/System.ComponentModel.Primitives.dll"

-r:"C:/Program Files/Unity/Hub/Editor/2022.3.22f1/Editor/Data/UnityReferenceAssemblies/unity-4.8-api/Facades/System.ComponentModel.TypeConverter.dll"

-r:"C:/Program Files/Unity/Hub/Editor/2022.3.22f1/Editor/Data/UnityReferenceAssemblies/unity-4.8-api/Facades/System.Console.dll"

-r:"C:/Program Files/Unity/Hub/Editor/2022.3.22f1/Editor/Data/UnityReferenceAssemblies/unity-4.8-api/Facades/System.Data.Common.dll"

-r:"C:/Program Files/Unity/Hub/Editor/2022.3.22f1/Editor/Data/UnityReferenceAssemblies/unity-4.8-api/Facades/System.Diagnostics.Contracts.dll"

-r:"C:/Program Files/Unity/Hub/Editor/2022.3.22f1/Editor/Data/UnityReferenceAssemblies/unity-4.8-api/Facades/System.Diagnostics.Debug.dll"

-r:"C:/Program Files/Unity/Hub/Editor/2022.3.22f1/Editor/Data/UnityReferenceAssemblies/unity-4.8-api/Facades/System.Diagnostics.FileVersionInfo.dll"

-r:"C:/Program Files/Unity/Hub/Editor/2022.3.22f1/Editor/Data/UnityReferenceAssemblies/unity-4.8-api/Facades/System.Diagnostics.Process.dll"

-r:"C:/Program Files/Unity/Hub/Editor/2022.3.22f1/Editor/Data/UnityReferenceAssemblies/unity-4.8-api/Facades/System.Diagnostics.StackTrace.dll"

-r:"C:/Program Files/Unity/Hub/Editor/2022.3.22f1/Editor/Data/UnityReferenceAssemblies/unity-4.8-api/Facades/System.Diagnostics.TextWriterTraceListener.dll"

-r:"C:/Program Files/Unity/Hub/Editor/2022.3.22f1/Editor/Data/UnityReferenceAssemblies/unity-4.8-api/Facades/System.Diagnostics.Tools.dll"

-r:"C:/Program Files/Unity/Hub/Editor/2022.3.22f1/Editor/Data/UnityReferenceAssemblies/unity-4.8-api/Facades/System.Diagnostics.TraceSource.dll"

-r:"C:/Program Files/Unity/Hub/Editor/2022.3.22f1/Editor/Data/UnityReferenceAssemblies/unity-4.8-api/Facades/System.Drawing.Primitives.dll"

-r:"C:/Program Files/Unity/Hub/Editor/2022.3.22f1/Editor/Data/UnityReferenceAssemblies/unity-4.8-api/Facades/System.Dynamic.Runtime.dll"

-r:"C:/Program Files/Unity/Hub/Editor/2022.3.22f1/Editor/Data/UnityReferenceAssemblies/unity-4.8-api/Facades/System.Globalization.Calendars.dll"

-r:"C:/Program Files/Unity/Hub/Editor/2022.3.22f1/Editor/Data/UnityReferenceAssemblies/unity-4.8-api/Facades/System.Globalization.dll"

-r:"C:/Program Files/Unity/Hub/Editor/2022.3.22f1/Editor/Data/UnityReferenceAssemblies/unity-4.8-api/Facades/System.Globalization.Extensions.dll"

-r:"C:/Program Files/Unity/Hub/Editor/2022.3.22f1/Editor/Data/UnityReferenceAssemblies/unity-4.8-api/Facades/System.IO.Compression.ZipFile.dll"

-r:"C:/Program Files/Unity/Hub/Editor/2022.3.22f1/Editor/Data/UnityReferenceAssemblies/unity-4.8-api/Facades/System.IO.dll"

-r:"C:/Program Files/Unity/Hub/Editor/2022.3.22f1/Editor/Data/UnityReferenceAssemblies/unity-4.8-api/Facades/System.IO.FileSystem.dll"

-r:"C:/Program Files/Unity/Hub/Editor/2022.3.22f1/Editor/Data/UnityReferenceAssemblies/unity-4.8-api/Facades/System.IO.FileSystem.DriveInfo.dll"

-r:"C:/Program Files/Unity/Hub/Editor/2022.3.22f1/Editor/Data/UnityReferenceAssemblies/unity-4.8-api/Facades/System.IO.FileSystem.Primitives.dll"

-r:"C:/Program Files/Unity/Hub/Editor/2022.3.22f1/Editor/Data/UnityReferenceAssemblies/unity-4.8-api/Facades/System.IO.FileSystem.Watcher.dll"

-r:"C:/Program Files/Unity/Hub/Editor/2022.3.22f1/Editor/Data/UnityReferenceAssemblies/unity-4.8-api/Facades/System.IO.IsolatedStorage.dll"

-r:"C:/Program Files/Unity/Hub/Editor/2022.3.22f1/Editor/Data/UnityReferenceAssemblies/unity-4.8-api/Facades/System.IO.MemoryMappedFiles.dll"

-r:"C:/Program Files/Unity/Hub/Editor/2022.3.22f1/Editor/Data/UnityReferenceAssemblies/unity-4.8-api/Facades/System.IO.Pipes.dll"

-r:"C:/Program Files/Unity/Hub/Editor/2022.3.22f1/Editor/Data/UnityReferenceAssemblies/unity-4.8-api/Facades/System.IO.UnmanagedMemoryStream.dll"

-r:"C:/Program Files/Unity/Hub/Editor/2022.3.22f1/Editor/Data/UnityReferenceAssemblies/unity-4.8-api/Facades/System.Linq.dll"

-r:"C:/Program Files/Unity/Hub/Editor/2022.3.22f1/Editor/Data/UnityReferenceAssemblies/unity-4.8-api/Facades/System.Linq.Expressions.dll"

-r:"C:/Program Files/Unity/Hub/Editor/2022.3.22f1/Editor/Data/UnityReferenceAssemblies/unity-4.8-api/Facades/System.Linq.Parallel.dll"

-r:"C:/Program Files/Unity/Hub/Editor/2022.3.22f1/Editor/Data/UnityReferenceAssemblies/unity-4.8-api/Facades/System.Linq.Queryable.dll"

-r:"C:/Program Files/Unity/Hub/Editor/2022.3.22f1/Editor/Data/UnityReferenceAssemblies/unity-4.8-api/Facades/System.Memory.dll"

-r:"C:/Program Files/Unity/Hub/Editor/2022.3.22f1/Editor/Data/UnityReferenceAssemblies/unity-4.8-api/Facades/System.Net.Http.Rtc.dll"

-r:"C:/Program Files/Unity/Hub/Editor/2022.3.22f1/Editor/Data/UnityReferenceAssemblies/unity-4.8-api/Facades/System.Net.NameResolution.dll"

-r:"C:/Program Files/Unity/Hub/Editor/2022.3.22f1/Editor/Data/UnityReferenceAssemblies/unity-4.8-api/Facades/System.Net.NetworkInformation.dll"

-r:"C:/Program Files/Unity/Hub/Editor/2022.3.22f1/Editor/Data/UnityReferenceAssemblies/unity-4.8-api/Facades/System.Net.Ping.dll"

-r:"C:/Program Files/Unity/Hub/Editor/2022.3.22f1/Editor/Data/UnityReferenceAssemblies/unity-4.8-api/Facades/System.Net.Primitives.dll"

-r:"C:/Program Files/Unity/Hub/Editor/2022.3.22f1/Editor/Data/UnityReferenceAssemblies/unity-4.8-api/Facades/System.Net.Requests.dll"

-r:"C:/Program Files/Unity/Hub/Editor/2022.3.22f1/Editor/Data/UnityReferenceAssemblies/unity-4.8-api/Facades/System.Net.Security.dll"

-r:"C:/Program Files/Unity/Hub/Editor/2022.3.22f1/Editor/Data/UnityReferenceAssemblies/unity-4.8-api/Facades/System.Net.Sockets.dll"

-r:"C:/Program Files/Unity/Hub/Editor/2022.3.22f1/Editor/Data/UnityReferenceAssemblies/unity-4.8-api/Facades/System.Net.WebHeaderCollection.dll"

-r:"C:/Program Files/Unity/Hub/Editor/2022.3.22f1/Editor/Data/UnityReferenceAssemblies/unity-4.8-api/Facades/System.Net.WebSockets.Client.dll"

-r:"C:/Program Files/Unity/Hub/Editor/2022.3.22f1/Editor/Data/UnityReferenceAssemblies/unity-4.8-api/Facades/System.Net.WebSockets.dll"

-r:"C:/Program Files/Unity/Hub/Editor/2022.3.22f1/Editor/Data/UnityReferenceAssemblies/unity-4.8-api/Facades/System.ObjectModel.dll"

-r:"C:/Program Files/Unity/Hub/Editor/2022.3.22f1/Editor/Data/UnityReferenceAssemblies/unity-4.8-api/Facades/System.Reflection.DispatchProxy.dll"

-r:"C:/Program Files/Unity/Hub/Editor/2022.3.22f1/Editor/Data/UnityReferenceAssemblies/unity-4.8-api/Facades/System.Reflection.dll"

-r:"C:/Program Files/Unity/Hub/Editor/2022.3.22f1/Editor/Data/UnityReferenceAssemblies/unity-4.8-api/Facades/System.Reflection.Emit.dll"

-r:"C:/Program Files/Unity/Hub/Editor/2022.3.22f1/Editor/Data/UnityReferenceAssemblies/unity-4.8-api/Facades/System.Reflection.Emit.ILGeneration.dll"

-r:"C:/Program Files/Unity/Hub/Editor/2022.3.22f1/Editor/Data/UnityReferenceAssemblies/unity-4.8-api/Facades/System.Reflection.Emit.Lightweight.dll"

-r:"C:/Program Files/Unity/Hub/Editor/2022.3.22f1/Editor/Data/UnityReferenceAssemblies/unity-4.8-api/Facades/System.Reflection.Extensions.dll"

-r:"C:/Program Files/Unity/Hub/Editor/2022.3.22f1/Editor/Data/UnityReferenceAssemblies/unity-4.8-api/Facades/System.Reflection.Primitives.dll"

-r:"C:/Program Files/Unity/Hub/Editor/2022.3.22f1/Editor/Data/UnityReferenceAssemblies/unity-4.8-api/Facades/System.Resources.Reader.dll"

-r:"C:/Program Files/Unity/Hub/Editor/2022.3.22f1/Editor/Data/UnityReferenceAssemblies/unity-4.8-api/Facades/System.Resources.ResourceManager.dll"

-r:"C:/Program Files/Unity/Hub/Editor/2022.3.22f1/Editor/Data/UnityReferenceAssemblies/unity-4.8-api/Facades/System.Resources.Writer.dll"

-r:"C:/Program Files/Unity/Hub/Editor/2022.3.22f1/Editor/Data/UnityReferenceAssemblies/unity-4.8-api/Facades/System.Runtime.CompilerServices.VisualC.dll"

-r:"C:/Program Files/Unity/Hub/Editor/2022.3.22f1/Editor/Data/UnityReferenceAssemblies/unity-4.8-api/Facades/System.Runtime.dll"

-r:"C:/Program Files/Unity/Hub/Editor/2022.3.22f1/Editor/Data/UnityReferenceAssemblies/unity-4.8-api/Facades/System.Runtime.Extensions.dll"

-r:"C:/Program Files/Unity/Hub/Editor/2022.3.22f1/Editor/Data/UnityReferenceAssemblies/unity-4.8-api/Facades/System.Runtime.Handles.dll"

-r:"C:/Program Files/Unity/Hub/Editor/2022.3.22f1/Editor/Data/UnityReferenceAssemblies/unity-4.8-api/Facades/System.Runtime.InteropServices.dll"

-r:"C:/Program Files/Unity/Hub/Editor/2022.3.22f1/Editor/Data/UnityReferenceAssemblies/unity-4.8-api/Facades/System.Runtime.InteropServices.RuntimeInformation.dll"

-r:"C:/Program Files/Unity/Hub/Editor/2022.3.22f1/Editor/Data/UnityReferenceAssemblies/unity-4.8-api/Facades/System.Runtime.InteropServices.WindowsRuntime.dll"

-r:"C:/Program Files/Unity/Hub/Editor/2022.3.22f1/Editor/Data/UnityReferenceAssemblies/unity-4.8-api/Facades/System.Runtime.Numerics.dll"

-r:"C:/Program Files/Unity/Hub/Editor/2022.3.22f1/Editor/Data/UnityReferenceAssemblies/unity-4.8-api/Facades/System.Runtime.Serialization.Formatters.dll"

-r:"C:/Program Files/Unity/Hub/Editor/2022.3.22f1/Editor/Data/UnityReferenceAssemblies/unity-4.8-api/Facades/System.Runtime.Serialization.Json.dll"

-r:"C:/Program Files/Unity/Hub/Editor/2022.3.22f1/Editor/Data/UnityReferenceAssemblies/unity-4.8-api/Facades/System.Runtime.Serialization.Primitives.dll"

-r:"C:/Program Files/Unity/Hub/Editor/2022.3.22f1/Editor/Data/UnityReferenceAssemblies/unity-4.8-api/Facades/System.Runtime.Serialization.Xml.dll"

-r:"C:/Program Files/Unity/Hub/Editor/2022.3.22f1/Editor/Data/UnityReferenceAssemblies/unity-4.8-api/Facades/System.Security.Claims.dll"

-r:"C:/Program Files/Unity/Hub/Editor/2022.3.22f1/Editor/Data/UnityReferenceAssemblies/unity-4.8-api/Facades/System.Security.Cryptography.Algorithms.dll"

-r:"C:/Program Files/Unity/Hub/Editor/2022.3.22f1/Editor/Data/UnityReferenceAssemblies/unity-4.8-api/Facades/System.Security.Cryptography.Csp.dll"

-r:"C:/Program Files/Unity/Hub/Editor/2022.3.22f1/Editor/Data/UnityReferenceAssemblies/unity-4.8-api/Facades/System.Security.Cryptography.Encoding.dll"

-r:"C:/Program Files/Unity/Hub/Editor/2022.3.22f1/Editor/Data/UnityReferenceAssemblies/unity-4.8-api/Facades/System.Security.Cryptography.Primitives.dll"

-r:"C:/Program Files/Unity/Hub/Editor/2022.3.22f1/Editor/Data/UnityReferenceAssemblies/unity-4.8-api/Facades/System.Security.Cryptography.X509Certificates.dll"

-r:"C:/Program Files/Unity/Hub/Editor/2022.3.22f1/Editor/Data/UnityReferenceAssemblies/unity-4.8-api/Facades/System.Security.Principal.dll"

-r:"C:/Program Files/Unity/Hub/Editor/2022.3.22f1/Editor/Data/UnityReferenceAssemblies/unity-4.8-api/Facades/System.Security.SecureString.dll"

-r:"C:/Program Files/Unity/Hub/Editor/2022.3.22f1/Editor/Data/UnityReferenceAssemblies/unity-4.8-api/Facades/System.ServiceModel.Duplex.dll"

-r:"C:/Program Files/Unity/Hub/Editor/2022.3.22f1/Editor/Data/UnityReferenceAssemblies/unity-4.8-api/Facades/System.ServiceModel.Http.dll"

-r:"C:/Program Files/Unity/Hub/Editor/2022.3.22f1/Editor/Data/UnityReferenceAssemblies/unity-4.8-api/Facades/System.ServiceModel.NetTcp.dll"

-r:"C:/Program Files/Unity/Hub/Editor/2022.3.22f1/Editor/Data/UnityReferenceAssemblies/unity-4.8-api/Facades/System.ServiceModel.Primitives.dll"

-r:"C:/Program Files/Unity/Hub/Editor/2022.3.22f1/Editor/Data/UnityReferenceAssemblies/unity-4.8-api/Facades/System.ServiceModel.Security.dll"

-r:"C:/Program Files/Unity/Hub/Editor/2022.3.22f1/Editor/Data/UnityReferenceAssemblies/unity-4.8-api/Facades/System.Text.Encoding.dll"

-r:"C:/Program Files/Unity/Hub/Editor/2022.3.22f1/Editor/Data/UnityReferenceAssemblies/unity-4.8-api/Facades/System.Text.Encoding.Extensions.dll"

-r:"C:/Program Files/Unity/Hub/Editor/2022.3.22f1/Editor/Data/UnityReferenceAssemblies/unity-4.8-api/Facades/System.Text.RegularExpressions.dll"

-r:"C:/Program Files/Unity/Hub/Editor/2022.3.22f1/Editor/Data/UnityReferenceAssemblies/unity-4.8-api/Facades/System.Threading.dll"

-r:"C:/Program Files/Unity/Hub/Editor/2022.3.22f1/Editor/Data/UnityReferenceAssemblies/unity-4.8-api/Facades/System.Threading.Overlapped.dll"

-r:"C:/Program Files/Unity/Hub/Editor/2022.3.22f1/Editor/Data/UnityReferenceAssemblies/unity-4.8-api/Facades/System.Threading.Tasks.dll"

-r:"C:/Program Files/Unity/Hub/Editor/2022.3.22f1/Editor/Data/UnityReferenceAssemblies/unity-4.8-api/Facades/System.Threading.Tasks.Extensions.dll"

-r:"C:/Program Files/Unity/Hub/Editor/2022.3.22f1/Editor/Data/UnityReferenceAssemblies/unity-4.8-api/Facades/System.Threading.Tasks.Parallel.dll"

-r:"C:/Program Files/Unity/Hub/Editor/2022.3.22f1/Editor/Data/UnityReferenceAssemblies/unity-4.8-api/Facades/System.Threading.Thread.dll"

-r:"C:/Program Files/Unity/Hub/Editor/2022.3.22f1/Editor/Data/UnityReferenceAssemblies/unity-4.8-api/Facades/System.Threading.ThreadPool.dll"

-r:"C:/Program Files/Unity/Hub/Editor/2022.3.22f1/Editor/Data/UnityReferenceAssemblies/unity-4.8-api/Facades/System.Threading.Timer.dll"

-r:"C:/Program Files/Unity/Hub/Editor/2022.3.22f1/Editor/Data/UnityReferenceAssemblies/unity-4.8-api/Facades/System.ValueTuple.dll"

-r:"C:/Program Files/Unity/Hub/Editor/2022.3.22f1/Editor/Data/UnityReferenceAssemblies/unity-4.8-api/Facades/System.Xml.ReaderWriter.dll"

-r:"C:/Program Files/Unity/Hub/Editor/2022.3.22f1/Editor/Data/UnityReferenceAssemblies/unity-4.8-api/Facades/System.Xml.XDocument.dll"

-r:"C:/Program Files/Unity/Hub/Editor/2022.3.22f1/Editor/Data/UnityReferenceAssemblies/unity-4.8-api/Facades/System.Xml.XmlDocument.dll"

-r:"C:/Program Files/Unity/Hub/Editor/2022.3.22f1/Editor/Data/UnityReferenceAssemblies/unity-4.8-api/Facades/System.Xml.XmlSerializer.dll"

-r:"C:/Program Files/Unity/Hub/Editor/2022.3.22f1/Editor/Data/UnityReferenceAssemblies/unity-4.8-api/Facades/System.Xml.XPath.dll"

-r:"C:/Program Files/Unity/Hub/Editor/2022.3.22f1/Editor/Data/UnityReferenceAssemblies/unity-4.8-api/Facades/System.Xml.XPath.XDocument.dll"

-r:"C:/Program Files/Unity/Hub/Editor/2022.3.22f1/Editor/Data/UnityReferenceAssemblies/unity-4.8-api/Microsoft.CSharp.dll"

-r:"C:/Program Files/Unity/Hub/Editor/2022.3.22f1/Editor/Data/UnityReferenceAssemblies/unity-4.8-api/mscorlib.dll"

-r:"C:/Program Files/Unity/Hub/Editor/2022.3.22f1/Editor/Data/UnityReferenceAssemblies/unity-4.8-api/System.ComponentModel.Composition.dll"

-r:"C:/Program Files/Unity/Hub/Editor/2022.3.22f1/Editor/Data/UnityReferenceAssemblies/unity-4.8-api/System.Core.dll"

-r:"C:/Program Files/Unity/Hub/Editor/2022.3.22f1/Editor/Data/UnityReferenceAssemblies/unity-4.8-api/System.Data.DataSetExtensions.dll"

-r:"C:/Program Files/Unity/Hub/Editor/2022.3.22f1/Editor/Data/UnityReferenceAssemblies/unity-4.8-api/System.Data.dll"

-r:"C:/Program Files/Unity/Hub/Editor/2022.3.22f1/Editor/Data/UnityReferenceAssemblies/unity-4.8-api/System.dll"

-r:"C:/Program Files/Unity/Hub/Editor/2022.3.22f1/Editor/Data/UnityReferenceAssemblies/unity-4.8-api/System.Drawing.dll"

-r:"C:/Program Files/Unity/Hub/Editor/2022.3.22f1/Editor/Data/UnityReferenceAssemblies/unity-4.8-api/System.IO.Compression.dll"

-r:"C:/Program Files/Unity/Hub/Editor/2022.3.22f1/Editor/Data/UnityReferenceAssemblies/unity-4.8-api/System.IO.Compression.FileSystem.dll"

-r:"C:/Program Files/Unity/Hub/Editor/2022.3.22f1/Editor/Data/UnityReferenceAssemblies/unity-4.8-api/System.Net.Http.dll"

-r:"C:/Program Files/Unity/Hub/Editor/2022.3.22f1/Editor/Data/UnityReferenceAssemblies/unity-4.8-api/System.Numerics.dll"

-r:"C:/Program Files/Unity/Hub/Editor/2022.3.22f1/Editor/Data/UnityReferenceAssemblies/unity-4.8-api/System.Numerics.Vectors.dll"

-r:"C:/Program Files/Unity/Hub/Editor/2022.3.22f1/Editor/Data/UnityReferenceAssemblies/unity-4.8-api/System.Runtime.Serialization.dll"

-r:"C:/Program Files/Unity/Hub/Editor/2022.3.22f1/Editor/Data/UnityReferenceAssemblies/unity-4.8-api/System.Transactions.dll"

-r:"C:/Program Files/Unity/Hub/Editor/2022.3.22f1/Editor/Data/UnityReferenceAssemblies/unity-4.8-api/System.Xml.dll"

-r:"C:/Program Files/Unity/Hub/Editor/2022.3.22f1/Editor/Data/UnityReferenceAssemblies/unity-4.8-api/System.Xml.Linq.dll"

-r:"Library/PackageCache/com.unity.analytics@3.8.1/AnalyticsStandardEvents/Unity.Analytics.StandardEvents.dll"

-r:"Library/PackageCache/com.unity.analytics@3.8.1/Unity.Analytics.Editor.dll"

-r:"Library/PackageCache/com.unity.analytics@3.8.1/Unity.Analytics.Tracker.dll"

-r:"Library/PackageCache/com.unity.collab-proxy@2.3.1/Lib/Editor/PlasticSCM/log4netPlastic.dll"

-r:"Library/PackageCache/com.unity.collab-proxy@2.3.1/Lib/Editor/PlasticSCM/Unity.Plastic.Antlr3.Runtime.dll"

-r:"Library/PackageCache/com.unity.collab-proxy@2.3.1/Lib/Editor/PlasticSCM/Unity.Plastic.Newtonsoft.Json.dll"

-r:"Library/PackageCache/com.unity.collab-proxy@2.3.1/Lib/Editor/PlasticSCM/unityplastic.dll"

-r:"Library/PackageCache/com.unity.ext.nunit@1.0.6/net35/unity-custom/nunit.framework.dll"

-r:"Library/PackageCache/com.unity.nuget.newtonsoft-json@3.2.1/Runtime/Newtonsoft.Json.dll"

-r:"Library/Bee/artifacts/1900b0aE.dag/lilToon.PCSS.Runtime.ref.dll"

-r:"Library/Bee/artifacts/1900b0aE.dag/UnityEditor.TestRunner.ref.dll"

-r:"Library/Bee/artifacts/1900b0aE.dag/UnityEditor.UI.ref.dll"

-r:"Library/Bee/artifacts/1900b0aE.dag/UnityEngine.TestRunner.ref.dll"

-r:"Library/Bee/artifacts/1900b0aE.dag/UnityEngine.UI.ref.dll"

-analyzer:"C:/Program Files/Unity/Hub/Editor/2022.3.22f1/Editor/Data/Tools/Unity.SourceGenerators/Unity.Properties.SourceGenerator.dll"

-analyzer:"C:/Program Files/Unity/Hub/Editor/2022.3.22f1/Editor/Data/Tools/Unity.SourceGenerators/Unity.SourceGenerators.dll"

"Assets/Editor/AdvancedLilToonModularAvatarGUI.cs"

"Assets/Editor/AdvancedMaskSystem.cs"

"Assets/Editor/AdvancedPCSSMenuSystem.cs"

"Assets/Editor/AutomatedMaterialBackup.cs"

"Assets/Editor/AvatarSelectorMenu.cs"

"Assets/Editor/CompetitiveFeatureImplementation.cs"

"Assets/Editor/CompetitorSetupWizard.cs"

"Assets/Editor/CompilationChecker.cs"

"Assets/Editor/ErrorHandler.cs"

"Assets/Editor/ExternalLightManager.cs"

"Assets/Editor/LilToonPCSSExtensionInitializer.cs"

"Assets/Editor/LilToonPCSSMaterialUpgrader.cs"

"Assets/Editor/LilToonPCSSShaderGUI.cs"

"Assets/Editor/ManualPackageExporter.cs"

"Assets/Editor/MaterialBackup.cs"

"Assets/Editor/MaterialSessionRestorer.cs"

"Assets/Editor/MaterialUpgrader.cs"

"Assets/Editor/MenuConstants.cs"

"Assets/Editor/MenuNameRefactorTool.cs"

"Assets/Editor/MissingMaterialAutoFixer.cs"

"Assets/Editor/ModularAvatarLightControl.cs"

"Assets/Editor/ModularAvatarLightToggleMenu.cs"

"Assets/Editor/OneClickSetupWizard.cs"

"Assets/Editor/PackageExporter.cs"

"Assets/Editor/PCSSMenuSystem.cs"

"Assets/Editor/PCSSPresetManager.cs"

"Assets/Editor/PerformanceOptimizer.cs"

"Assets/Editor/PerformanceOptimizerMenu.cs"

"Assets/Editor/PhysBoneColliderCreator.cs"

"Assets/Editor/PoiyomiPCSSShaderGUI.cs"

"Assets/Editor/RunExporter.cs"

"Assets/Editor/ShaderAutoConverter.cs"

"Assets/Editor/ShaderCompilationOptimizer.cs"

"Assets/Editor/UniversalAvatarPresetSystem.cs"

"Assets/Editor/VRChatExpressionMenuCreator.cs"

"Assets/Editor/VRChatMaterialBackup.cs"

"Assets/Editor/VRChatOptimizationSettings.cs"

"Assets/Editor/VRChatUploadAutoBackup.cs"

"Assets/Editor/VRCLightVolumesEditor.cs"

"Assets/Editor/VRCLVRimLightGUI.cs"

-langversion:9.0



/deterministic

/optimize+

/debug:portable

/nologo

/RuntimeMetadataVersion:v4.0.30319



/nowarn:0169

/nowarn:0649

/nowarn:0282

/nowarn:1701

/nowarn:1702

/utf8output

/preferreduilang:en-US







/additionalfile:"Library/Bee/artifacts/1900b0aE.dag/lilToon.PCSS.Editor.UnityAdditionalFile.txt"
##### Custom Environment Variables
DOTNET_MULTILEVEL_LOOKUP=0
##### ExitCode
1
##### Output
Assets\Editor\MissingMaterialAutoFixer.cs(7,7): error CS0246: The type or namespace name 'VRC' could not be found (are you missing a using directive or an assembly reference?)

Assets\Editor\ModularAvatarLightControl.cs(4,7): error CS0246: The type or namespace name 'VRC' could not be found (are you missing a using directive or an assembly reference?)

Assets\Editor\ModularAvatarLightControl.cs(5,7): error CS0246: The type or namespace name 'VRC' could not be found (are you missing a using directive or an assembly reference?)

Assets\Editor\VRChatMaterialBackup.cs(7,7): error CS0246: The type or namespace name 'VRC' could not be found (are you missing a using directive or an assembly reference?)

Assets\Editor\VRChatMaterialBackup.cs(8,7): error CS0246: The type or namespace name 'VRC' could not be found (are you missing a using directive or an assembly reference?)

Assets\Editor\VRChatUploadAutoBackup.cs(7,7): error CS0246: The type or namespace name 'VRC' could not be found (are you missing a using directive or an assembly reference?)

Assets\Editor\VRChatUploadAutoBackup.cs(8,7): error CS0246: The type or namespace name 'VRC' could not be found (are you missing a using directive or an assembly reference?)

Assets\Editor\VRChatUploadAutoBackup.cs(9,7): error CS0246: The type or namespace name 'VRC' could not be found (are you missing a using directive or an assembly reference?)

Assets\Editor\VRChatUploadAutoBackup.cs(10,7): error CS0246: The type or namespace name 'VRC' could not be found (are you missing a using directive or an assembly reference?)

Assets\Editor\ModularAvatarLightToggleMenu.cs(313,46): error CS0246: The type or namespace name 'AnimatorStateMachine' could not be found (are you missing a using directive or an assembly reference?)

Assets\Editor\VRChatMaterialBackup.cs(23,17): error CS0246: The type or namespace name 'VRCAvatarDescriptor' could not be found (are you missing a using directive or an assembly reference?)
*** Tundra build failed (22.76 seconds), 575 items updated, 996 evaluated
## Script Compilation Error for: Csc Library/Bee/artifacts/1900b0aE.dag/lilToon.PCSS.Editor.dll (+2 others)
## CmdLine: "C:\Program Files\Unity\Hub\Editor\2022.3.22f1\Editor\Data\NetCoreRuntime\dotnet.exe" exec "C:/Program Files/Unity/Hub/Editor/2022.3.22f1/Editor/Data/DotNetSdkRoslyn/csc.dll" /nostdlib /noconfig /shared "@Library/Bee/artifacts/1900b0aE.dag/lilToon.PCSS.Editor.rsp" "@Library/Bee/artifacts/1900b0aE.dag/lilToon.PCSS.Editor.rsp2"
## Output:
Assets\Editor\MissingMaterialAutoFixer.cs(7,7): error CS0246: The type or namespace name 'VRC' could not be found (are you missing a using directive or an assembly reference?)
Assets\Editor\ModularAvatarLightControl.cs(4,7): error CS0246: The type or namespace name 'VRC' could not be found (are you missing a using directive or an assembly reference?)
Assets\Editor\ModularAvatarLightControl.cs(5,7): error CS0246: The type or namespace name 'VRC' could not be found (are you missing a using directive or an assembly reference?)
Assets\Editor\VRChatMaterialBackup.cs(7,7): error CS0246: The type or namespace name 'VRC' could not be found (are you missing a using directive or an assembly reference?)
Assets\Editor\VRChatMaterialBackup.cs(8,7): error CS0246: The type or namespace name 'VRC' could not be found (are you missing a using directive or an assembly reference?)
Assets\Editor\VRChatUploadAutoBackup.cs(7,7): error CS0246: The type or namespace name 'VRC' could not be found (are you missing a using directive or an assembly reference?)
Assets\Editor\VRChatUploadAutoBackup.cs(8,7): error CS0246: The type or namespace name 'VRC' could not be found (are you missing a using directive or an assembly reference?)
Assets\Editor\VRChatUploadAutoBackup.cs(9,7): error CS0246: The type or namespace name 'VRC' could not be found (are you missing a using directive or an assembly reference?)
Assets\Editor\VRChatUploadAutoBackup.cs(10,7): error CS0246: The type or namespace name 'VRC' could not be found (are you missing a using directive or an assembly reference?)
Assets\Editor\ModularAvatarLightToggleMenu.cs(313,46): error CS0246: The type or namespace name 'AnimatorStateMachine' could not be found (are you missing a using directive or an assembly reference?)
Assets\Editor\VRChatMaterialBackup.cs(23,17): error CS0246: The type or namespace name 'VRCAvatarDescriptor' could not be found (are you missing a using directive or an assembly reference?)

Assets\Editor\MissingMaterialAutoFixer.cs(7,7): error CS0246: The type or namespace name 'VRC' could not be found (are you missing a using directive or an assembly reference?)
Assets\Editor\ModularAvatarLightControl.cs(4,7): error CS0246: The type or namespace name 'VRC' could not be found (are you missing a using directive or an assembly reference?)
Assets\Editor\ModularAvatarLightControl.cs(5,7): error CS0246: The type or namespace name 'VRC' could not be found (are you missing a using directive or an assembly reference?)
Assets\Editor\VRChatMaterialBackup.cs(7,7): error CS0246: The type or namespace name 'VRC' could not be found (are you missing a using directive or an assembly reference?)
Assets\Editor\VRChatMaterialBackup.cs(8,7): error CS0246: The type or namespace name 'VRC' could not be found (are you missing a using directive or an assembly reference?)
Assets\Editor\VRChatUploadAutoBackup.cs(7,7): error CS0246: The type or namespace name 'VRC' could not be found (are you missing a using directive or an assembly reference?)
Assets\Editor\VRChatUploadAutoBackup.cs(8,7): error CS0246: The type or namespace name 'VRC' could not be found (are you missing a using directive or an assembly reference?)
Assets\Editor\VRChatUploadAutoBackup.cs(9,7): error CS0246: The type or namespace name 'VRC' could not be found (are you missing a using directive or an assembly reference?)
Assets\Editor\VRChatUploadAutoBackup.cs(10,7): error CS0246: The type or namespace name 'VRC' could not be found (are you missing a using directive or an assembly reference?)
Assets\Editor\ModularAvatarLightToggleMenu.cs(313,46): error CS0246: The type or namespace name 'AnimatorStateMachine' could not be found (are you missing a using directive or an assembly reference?)
Assets\Editor\VRChatMaterialBackup.cs(23,17): error CS0246: The type or namespace name 'VRCAvatarDescriptor' could not be found (are you missing a using directive or an assembly reference?)
AssetDatabase: script compilation time: 32.081180s
Scripts have compiler errors.
Exiting without the bug reporter. Application will terminate with return code 1